ASM,Contrast,IDM,Entropy,Homogeneity,Sum Mean,Maximum Probability,Dissimilarity,Difference mean,Autocorrelation,Class
0.718483841115,167.824806202,0.885131662766,0.488888033012,0.892470602228,6.81813953488,0.847441860465,3.27162790698,-0.0773643410853,291.95627907,1
0.503199278889,193.217674419,0.815847704001,0.849199110368,0.82893278791,14.1359689922,0.708527131783,3.98914728682,-0.0770542635659,682.605271318,1
0.857481449432,101.301705426,0.94515867551,0.232983660343,0.947613609134,2.91441860465,0.925891472868,1.98325581395,-0.0415503875969,102.298604651,1
0.840309789075,82.3004651163,0.940856196941,0.272156562266,0.94458840359,3.66248062016,0.916589147287,1.66418604651,-0.0497674418605,156.23379845,1
0.718483841115,167.824806202,0.885131662766,0.488888033012,0.892470602228,6.81813953488,0.847441860465,3.27162790698,-0.0773643410853,291.95627907,1
0.857481449432,101.301705426,0.94515867551,0.232983660343,0.947613609134,2.91441860465,0.925891472868,1.98325581395,-0.0415503875969,102.298604651,1
0.501464960038,135.793488372,0.835275590916,0.850666041959,0.847180340349,15.1733333333,0.707286821705,2.84527131783,-0.00093023255814,788.526821705,1
0.609714416201,172.543565891,0.850386467381,0.677936187315,0.861125424304,10.4978294574,0.780465116279,3.47379844961,-0.0987596899225,496.222325581,1
0.503199278889,193.217674419,0.815847704001,0.849199110368,0.82893278791,14.1359689922,0.708527131783,3.98914728682,-0.0770542635659,682.605271318,1
0.676044083889,94.903875969,0.87531153082,0.569583362982,0.887098156779,9.11178294574,0.822015503876,2.04186046512,-0.107751937984,465.836899225,1
0.449496160087,267.566511628,0.788514605766,0.889683262115,0.800664877355,15.3764341085,0.668527131783,5.50325581395,-0.225736434109,712.390077519,1
0.344034805601,304.148527132,0.752383514917,1.05794699326,0.766212646858,19.4103875969,0.583255813953,6.24341085271,-0.122635658915,898.622945736,1
0.720781972237,117.104806202,0.900246581681,0.457900404378,0.906804481324,6.91302325581,0.848682170543,2.41953488372,-0.0764341085271,311.737054264,1
0.677098059011,250.283410853,0.863054802636,0.521120885491,0.869813305969,7.08775193798,0.822325581395,4.87255813953,0.0077519379845,253.462325581,1
0.649675283937,199.388217054,0.868823085573,0.58068315407,0.875740264378,8.64511627907,0.805581395349,3.90294573643,-0.142790697674,371.189767442,1
0.83524182441,102.402170543,0.932821189565,0.278572547409,0.936971698105,3.59612403101,0.913798449612,2.05984496124,-0.053488372093,141.722170543,1
0.503199278889,193.217674419,0.815847704001,0.849199110368,0.82893278791,14.1359689922,0.708527131783,3.98914728682,-0.0770542635659,682.605271318,1
0.720781972237,117.104806202,0.900246581681,0.457900404378,0.906804481324,6.91302325581,0.848682170543,2.41953488372,-0.0764341085271,311.737054264,1
0.65268106484,170.889922481,0.872106409582,0.577681934838,0.879883824307,8.70790697674,0.807441860465,3.44930232558,-0.0561240310078,385.471627907,1
0.783580313683,124.976434109,0.91961442919,0.350998071626,0.923665074293,4.88015503876,0.88496124031,2.51503875969,-0.0804651162791,197.786976744,1
0.644583089959,135.298294574,0.877437247888,0.597061777933,0.885753630175,9.44449612403,0.802480620155,2.75131782946,-0.12511627907,447.349147287,1
0.852868072832,110.970232558,0.943950579567,0.243307295432,0.946042749798,3.01224806202,0.923410852713,2.12744186047,-0.0590697674419,103.625426357,1
0.816805047774,116.04124031,0.932246569429,0.288002794012,0.935126575074,3.91271317829,0.903565891473,2.29302325581,-0.082015503876,146.369922481,1
0.542984003365,128.758449612,0.877251405052,0.73279464191,0.882996634528,13.7621705426,0.735813953488,2.55813953488,-0.13488372093,718.964031008,1
0.435052220419,125.280310078,0.854379234784,0.905703059305,0.862208349465,18.3694573643,0.657674418605,2.59627906977,-0.20480620155,994.011162791,1
0.713367802416,202.220155039,0.876140842432,0.489232548228,0.883703602992,6.5696124031,0.844341085271,3.93674418605,-0.0589147286822,257.829147287,1
0.591113610961,125.472248062,0.864945338638,0.698722204662,0.874072676968,11.7454263566,0.768372093023,2.60279069767,-0.124651162791,596.545426357,1
0.497510582297,93.8930232558,0.860962923246,0.82981614994,0.870595985097,15.6134883721,0.704186046512,2.02697674419,-0.0860465116279,827.011162791,1
0.613117096328,74.8886821705,0.907009272647,0.628088367225,0.911997337423,11.3302325581,0.782325581395,1.55348837209,-0.10480620155,590.43627907,1
0.389519572141,307.512868217,0.7630776238,0.986692560767,0.775659078733,17.5009302326,0.621395348837,6.29364341085,-0.206046511628,806.660775194,1
0.586451198846,54.7984496124,0.908090823088,0.640016391689,0.913377283367,13.1790697674,0.764651162791,1.14511627907,-0.126046511628,739.831007752,1
0.777994687819,174.551937984,0.901758900987,0.374380838956,0.907492654548,4.72186046512,0.881860465116,3.38480620155,-0.0756589147287,168.093643411,1
0.417924403582,280.0,0.792358326746,0.920889443744,0.802005663102,16.5472868217,0.644031007752,5.70294573643,-0.196589147287,768.099844961,1
0.645160362959,53.4015503876,0.919407196977,0.54850173176,0.923648169231,10.7968992248,0.802480620155,1.12186046512,-0.139224806202,592.272868217,1
0.764884514152,174.735193798,0.89554014724,0.409361269772,0.902103784317,5.23302325581,0.874418604651,3.3919379845,-0.0916279069767,200.087751938,1
0.699793810468,200.159689922,0.867793889862,0.509797520886,0.876808967283,6.96635658915,0.836279069767,3.94511627907,-0.152093023256,277.218294574,1
0.550973715522,80.3017054264,0.894845205802,0.682942594555,0.900296260296,14.5266666667,0.740775193798,1.61147286822,-0.103720930233,816.029457364,1
0.714454467881,236.940465116,0.866544551487,0.480651828414,0.874038097305,6.15829457364,0.84496124031,4.59875968992,-0.111782945736,215.449922481,1
0.449496160087,267.566511628,0.788514605766,0.889683262115,0.800664877355,15.3764341085,0.668527131783,5.50325581395,-0.225736434109,712.390077519,1
0.724390601526,206.356899225,0.879194631883,0.465726661125,0.886196471737,6.12263565891,0.850852713178,4.00527131783,-0.129147286822,228.79379845,1
0.413939258458,258.828217054,0.788416066323,0.940830955232,0.799765114484,17.0472868217,0.641240310078,5.31007751938,-0.184031007752,812.535193798,1
0.457885079022,259.421085271,0.804851135009,0.861094682039,0.814256124929,15.0187596899,0.674728682171,5.30325581395,-0.214418604651,691.491472868,1
0.526290775795,295.024806202,0.806039554281,0.802868005625,0.818322763496,12.2854263566,0.724651162791,5.73488372093,-0.0333333333333,524.376434109,1
0.508262243856,238.659224806,0.82620076715,0.76396527728,0.83415029142,13.056744186,0.711317829457,4.85271317829,-0.225736434109,582.591007752,1
0.344034805601,304.148527132,0.752383514917,1.05794699326,0.766212646858,19.4103875969,0.583255813953,6.24341085271,-0.122635658915,898.622945736,1
0.703899140677,230.497984496,0.875807008964,0.506840121893,0.882603186762,7.29860465116,0.838759689922,4.26294573643,-0.101395348837,311.629147287,1
0.876997007391,69.8114728682,0.958964351165,0.214339708816,0.961091318363,3.02015503876,0.936434108527,1.32341085271,-0.150697674419,140.777984496,1
0.807815395709,155.015503876,0.919472572997,0.314703339766,0.923265766152,3.90093023256,0.898604651163,3.01240310078,-0.0367441860465,130.226046512,1
0.800646018869,161.353488372,0.916525921649,0.321224066869,0.92045726996,4.04325581395,0.894573643411,3.12403100775,-0.0240310077519,133.04,1
0.694623544258,49.24,0.931745865735,0.488062984605,0.935776806542,9.0376744186,0.832868217054,1.01674418605,-0.151782945736,490.131162791,1
0.724390601526,206.356899225,0.879194631883,0.465726661125,0.886196471737,6.12263565891,0.850852713178,4.00527131783,-0.129147286822,228.79379845,1
0.764884514152,174.735193798,0.89554014724,0.409361269772,0.902103784317,5.23302325581,0.874418604651,3.3919379845,-0.0916279069767,200.087751938,1
0.714918286161,101.795348837,0.909300268846,0.478746727014,0.914818074257,7.52930232558,0.845271317829,2.06635658915,-0.113178294574,364.533953488,1
0.654461342467,230.077209302,0.861152252896,0.5651241771,0.87051875306,9.23395348837,0.808062015504,4.33457364341,-0.107441860465,433.43751938,1
0.647356192537,225.087131783,0.842126773833,0.624660551037,0.853730399552,9.11162790698,0.804341085271,4.36341085271,-0.104496124031,410.531782946,1
0.677154017186,195.531162791,0.865173639002,0.565659412083,0.875048926759,8.49736434109,0.822635658915,3.76558139535,-0.088992248062,397.826976744,1
0.561700570879,142.191937984,0.869037376663,0.712532359632,0.87667273448,12.435503876,0.748527131783,2.85178294574,-0.157984496124,610.186976744,1
0.691409891233,118.493643411,0.883083086441,0.542601652355,0.892158362643,8.28930232558,0.831317829457,2.45643410853,-0.0973643410853,406.422325581,1
0.699793810468,200.159689922,0.867793889862,0.509797520886,0.876808967283,6.96635658915,0.836279069767,3.94511627907,-0.152093023256,277.218294574,1
0.661427269996,147.799689922,0.874574687653,0.59186806858,0.884115810628,9.26728682171,0.813023255814,2.94325581395,-0.106356589147,458.177364341,1
0.642925689562,180.2,0.860780105824,0.625540481735,0.870807968783,9.53503875969,0.801550387597,3.56558139535,-0.0978294573643,454.053643411,1
0.712759377441,189.268217054,0.88223066096,0.495628084471,0.889564022697,7.10418604651,0.844031007752,3.63224806202,-0.0877519379845,312.347286822,1
0.67863392825,179.103565891,0.869666424555,0.564030244003,0.878979648276,8.4488372093,0.823565891473,3.46139534884,-0.0807751937984,396.95627907,1
0.689536157683,108.643410853,0.896061066903,0.534994512742,0.903864100025,8.67209302326,0.83007751938,2.22542635659,-0.103100775194,445.175193798,1
0.714433123009,111.800310078,0.909450252926,0.458868838678,0.916008419335,8.10635658915,0.844341085271,2.23069767442,-0.108217054264,425.84744186,1
0.76140241572,110.379534884,0.915091063359,0.405633802747,0.921591404674,6.3903875969,0.872248062016,2.18790697674,-0.0905426356589,319.669767442,1
0.714741181419,144.500775194,0.895426082707,0.484530889859,0.902882854967,7.59240310078,0.84496124031,2.83503875969,-0.104651162791,369.539534884,1
0.406104344691,418.776744186,0.732580886881,0.993617959515,0.74868195128,16.4751937984,0.634728682171,8.28310077519,-0.0696124031008,727.244651163,1
0.627726987561,228.04744186,0.854454204773,0.633138715245,0.863745313983,9.94186046512,0.791627906977,4.32837209302,-0.0953488372093,463.743255814,1
0.595455080824,184.518139535,0.847214077034,0.69205526838,0.857916866981,10.7623255814,0.771162790698,3.74604651163,-0.121085271318,500.590077519,1
0.608958884682,206.664496124,0.843454364397,0.658796254651,0.853828157437,9.93317829457,0.77984496124,4.14666666667,-0.135968992248,436.11379845,1
0.800646018869,161.353488372,0.916525921649,0.321224066869,0.92045726996,4.04325581395,0.894573643411,3.12403100775,-0.0240310077519,133.04,1
0.730104873505,150.171782946,0.897225700737,0.458804982001,0.903635520688,6.44589147287,0.854263565891,2.9376744186,-0.115348837209,272.179844961,1
0.785609807103,135.534883721,0.916838820869,0.364823287009,0.921675803648,4.8719379845,0.886201550388,2.64124031008,-0.127131782946,196.68248062,1
0.719515509885,99.1584496124,0.904135431279,0.488329709057,0.910751775859,7.60713178295,0.848062015504,2.00992248062,0.252093023256,380.009922481,1
0.63519153897,101.224496124,0.885065935307,0.618492862606,0.892755783013,10.2392248062,0.796589147287,2.10821705426,-0.188062015504,515.328372093,1
0.557994255153,182.08248062,0.839787438709,0.751672562827,0.851213932844,12.1996899225,0.746356589147,3.69302325581,-0.125891472868,582.844031008,1
0.781763884382,62.3330232558,0.935446123923,0.375487020236,0.939856086516,5.95286821705,0.884031007752,1.25643410853,-0.117209302326,305.700775194,1
0.280236331951,380.109147287,0.717664642418,1.21032127063,0.733634132554,22.7184496124,0.524651162791,7.57705426357,0.053023255814,1081.38976744,1
0.379629204976,351.507286822,0.7523735942,1.0439790012,0.7659921945,18.1372093023,0.613953488372,6.99317829457,-0.0277519379845,846.419844961,1
0.483169328766,216.8,0.809549781105,0.866256906079,0.821650203338,15.0623255814,0.693953488372,4.45209302326,-0.116589147287,744.688372093,1
0.586275632474,187.057984496,0.857304422825,0.66634697757,0.864959088687,10.967751938,0.76496124031,3.7680620155,-0.139224806202,506.943875969,1
0.653334294814,189.911937984,0.876229006204,0.560246068652,0.882739775042,8.47379844961,0.807751937984,3.74573643411,-0.0939534883721,360.346976744,1
0.761864887927,112.776744186,0.920187333894,0.374906011803,0.923988327338,5.62186046512,0.872558139535,2.26015503876,-0.135658914729,240.680930233,1
0.583672135088,134.627286822,0.86818141943,0.699230141014,0.876531972874,11.8370542636,0.763410852713,2.75937984496,-0.105891472868,593.83751938,1
0.506465813353,152.136434109,0.842131255398,0.8230447847,0.851602082741,14.5001550388,0.710697674419,3.17209302326,-0.113798449612,728.982635659,1
0.665845081425,181.248062016,0.868459614186,0.561096018427,0.877973528417,9.10217054264,0.81519379845,3.58480620155,-0.126976744186,444.644341085,1
0.530328033171,210.611162791,0.830241593047,0.725212690944,0.840405158297,12.3046511628,0.726821705426,4.3023255814,-0.112403100775,542.653643411,1
0.671935100054,67.1299224806,0.907367178204,0.52748825239,0.91394878351,9.19131782946,0.819224806202,1.44496124031,-9.32413868338e-17,467.522790698,1
0.744851679587,55.3823255814,0.936658346118,0.387905587504,0.939548280626,6.77736434109,0.862635658915,1.16403100775,-0.136744186047,334.008372093,1
0.581507457485,103.173333333,0.881613186846,0.680068817276,0.888161071145,12.1100775194,0.761860465116,2.13209302326,-0.165581395349,617.19503876,1
0.524512036536,101.794728682,0.864873378401,0.76741993492,0.873355788394,14.4443410853,0.723100775194,2.13519379845,-0.152558139535,755.455503876,1
0.75248372093,195.527751938,0.898920171569,0.389057840914,0.903249294652,5.21658914729,0.866976744186,3.81612403101,-0.0562790697674,182.899534884,1
0.749191034193,216.12,0.895656650036,0.395124191902,0.899389995578,5.14496124031,0.86511627907,4.18139534884,-0.0888372093023,169.365891473,1
0.658697049456,272.898604651,0.865127799754,0.506203077162,0.869617959989,7.44868217054,0.810542635659,5.31100775194,-0.12496124031,263.44248062,1
0.844889513851,73.0874418605,0.947685674063,0.25700715569,0.950576954368,3.5607751938,0.919069767442,1.48372093023,-0.0500775193798,152.314108527,1
0.857481449432,101.301705426,0.94515867551,0.232983660343,0.947613609134,2.91441860465,0.925891472868,1.98325581395,-0.0415503875969,102.298604651,1
0.790582585181,49.7339534884,0.944014856333,0.353665256758,0.947438593227,5.59317829457,0.888992248062,1.04310077519,-0.0601550387597,282.586976744,1
0.762752719188,131.779534884,0.908848912637,0.403668972947,0.914588468927,5.55984496124,0.873178294574,2.62480620155,-0.0851162790698,233.599069767,1
0.741725713599,94.1407751938,0.908492733424,0.446974284845,0.914991876462,6.68775193798,0.861085271318,1.93550387597,-0.133023255814,319.091472868,1
0.79716430503,102.938914729,0.92606723759,0.347328845214,0.930140633372,4.79224806202,0.892713178295,2.05829457364,-0.0942635658915,207.865116279,1
0.58131112313,169.854573643,0.86045196756,0.676121488219,0.868530851238,11.1065116279,0.761550387597,3.43410852713,-0.125426356589,509.545116279,1
0.457885079022,259.421085271,0.804851135009,0.861094682039,0.814256124929,15.0187596899,0.674728682171,5.30325581395,-0.214418604651,691.491472868,1
0.508262243856,238.659224806,0.82620076715,0.76396527728,0.83415029142,13.056744186,0.711317829457,4.85271317829,-0.225736434109,582.591007752,1
0.344034805601,304.148527132,0.752383514917,1.05794699326,0.766212646858,19.4103875969,0.583255813953,6.24341085271,-0.122635658915,898.622945736,1
0.746815215432,61.5246511628,0.927393028355,0.401598359657,0.931697798101,6.68325581395,0.863875968992,1.32124031008,-0.093488372093,328.742945736,1
0.816805047774,116.04124031,0.932246569429,0.288002794012,0.935126575074,3.91271317829,0.903565891473,2.29302325581,-0.082015503876,146.369922481,1
0.383538970014,157.941705426,0.819523883422,1.01038327651,0.831803831553,20.7689922481,0.61519379845,3.2384496124,0.0254263565891,1128.89705426,1
0.5418177273,137.033488372,0.863037097787,0.758735994087,0.871752506801,13.4147286822,0.73519379845,2.75317829457,0.0503875968992,678.200310078,1
0.591073805661,276.587906977,0.822711224613,0.679931819124,0.833298294822,9.83968992248,0.768062015504,5.49829457364,-0.118449612403,395.815813953,1
0.650677339102,191.224806202,0.864997696422,0.588289278763,0.873047185527,8.75069767442,0.806201550388,3.8288372093,-0.144186046512,386.512248062,1
0.527806453939,223.394418605,0.811615000054,0.825680699884,0.825549970411,13.1778294574,0.725891472868,4.5007751938,-0.0897674418605,627.67751938,1
0.616931097891,246.60496124,0.830931462918,0.676509453404,0.842612840388,9.7384496124,0.78511627907,4.83937984496,-0.128217054264,425.777674419,1
0.666971359894,230.461085271,0.856291324071,0.580950515634,0.865570107767,8.23364341085,0.816434108527,4.41209302326,-0.163255813953,352.222945736,1
0.657412703563,234.55751938,0.846734888506,0.601088881481,0.856908395825,8.37643410853,0.810542635659,4.56620155039,-0.0635658914729,351.679069767,1
0.632704957635,237.648062016,0.843176199062,0.634498786512,0.853191787309,9.10930232558,0.79503875969,4.63906976744,-0.0389147286822,387.629147287,1
0.812278781323,97.7739534884,0.936246529543,0.306059231095,0.939364291083,4.28046511628,0.901085271318,1.95007751938,-0.0482170542636,178.32124031,1
0.734589411694,120.552248062,0.911769243281,0.426110276538,0.916305240442,6.39891472868,0.856744186047,2.42821705426,-0.0407751937984,278.729922481,1
0.618457160026,176.107906977,0.869852281376,0.617938379799,0.877095503216,9.73550387597,0.785736434109,3.5392248062,-0.00341085271318,432.508217054,1
0.677098059011,250.283410853,0.863054802636,0.521120885491,0.869813305969,7.08775193798,0.822325581395,4.87255813953,0.0077519379845,253.462325581,1
0.65268106484,170.889922481,0.872106409582,0.577681934838,0.879883824307,8.70790697674,0.807441860465,3.44930232558,-0.0561240310078,385.471627907,1
0.650048146145,276.311627907,0.853277082383,0.558092718314,0.859806896599,7.75054263566,0.805581395349,5.35348837209,0.0255813953488,276.137674419,1
0.670902469803,91.6911627907,0.896686785875,0.522867052713,0.903927338071,8.85488372093,0.818604651163,1.93736434109,-1.94072188875e-17,431.191627907,1
0.744610540232,127.212403101,0.906842911056,0.417630699754,0.912361956418,6.04124031008,0.862635658915,2.56744186047,-0.0908527131783,257.459534884,1
0.618893672255,104.582015504,0.870313655519,0.661399967689,0.88138372263,11.1787596899,0.786356589147,2.24403100775,0.091007751938,589.349147287,1
0.542984003365,128.758449612,0.877251405052,0.73279464191,0.882996634528,13.7621705426,0.735813953488,2.55813953488,-0.13488372093,718.964031008,1
0.435052220419,125.280310078,0.854379234784,0.905703059305,0.862208349465,18.3694573643,0.657674418605,2.59627906977,-0.20480620155,994.011162791,1
0.424716495403,223.723100775,0.797343103093,0.97427217787,0.811180975466,17.6013953488,0.65023255814,4.38604651163,-0.0680620155039,876.139534884,1
0.561700570879,142.191937984,0.869037376663,0.712532359632,0.87667273448,12.435503876,0.748527131783,2.85178294574,-0.157984496124,610.186976744,1
0.772582320774,61.2127131783,0.93635750598,0.381810888209,0.940562386005,6.17069767442,0.878759689922,1.24930232558,-0.121705426357,313.417054264,1
0.783580313683,124.976434109,0.91961442919,0.350998071626,0.923665074293,4.88015503876,0.88496124031,2.51503875969,-0.0804651162791,197.786976744,1
0.509833303287,106.11255814,0.866843224232,0.803048948935,0.874974209731,14.9201550388,0.712868217054,2.19255813953,-0.105581395349,774.134883721,1
0.497510582297,93.8930232558,0.860962923246,0.82981614994,0.870595985097,15.6134883721,0.704186046512,2.02697674419,-0.0860465116279,827.011162791,1
0.613117096328,74.8886821705,0.907009272647,0.628088367225,0.911997337423,11.3302325581,0.782325581395,1.55348837209,-0.10480620155,590.43627907,1
0.586451198846,54.7984496124,0.908090823088,0.640016391689,0.913377283367,13.1790697674,0.764651162791,1.14511627907,-0.126046511628,739.831007752,1
0.645160362959,53.4015503876,0.919407196977,0.54850173176,0.923648169231,10.7968992248,0.802480620155,1.12186046512,-0.139224806202,592.272868217,1
0.644273877772,68.8449612403,0.915896898849,0.551023132075,0.920146416956,10.9306976744,0.801860465116,1.37891472868,-0.114263565891,604.726511628,1
0.550973715522,80.3017054264,0.894845205802,0.682942594555,0.900296260296,14.5266666667,0.740775193798,1.61147286822,-0.103720930233,816.029457364,1
0.479150531819,68.1764341085,0.883420873441,0.786682542439,0.890554098915,17.6618604651,0.689612403101,1.45395348837,-0.148372093023,1007.28930233,1
0.644583089959,135.298294574,0.877437247888,0.597061777933,0.885753630175,9.44449612403,0.802480620155,2.75131782946,-0.12511627907,447.349147287,1
0.696538429181,116.621395349,0.903647576529,0.473323828066,0.909013228801,7.59472868217,0.834108527132,2.38697674419,-0.150387596899,342.438449612,1
0.700780674238,110.132713178,0.907168589503,0.461258939637,0.911969010352,7.50201550388,0.836589147287,2.2784496124,-0.141085271318,340.64372093,1
0.657106183523,165.135193798,0.884394160731,0.540096956227,0.890001667774,8.47426356589,0.80992248062,3.34790697674,-0.137209302326,370.515968992,1
0.639309945316,184.488682171,0.872052559606,0.568229822253,0.878301956252,8.90015503876,0.798759689922,3.74759689922,-0.105426356589,385.47255814,1
0.613107673818,139.926511628,0.881500311466,0.600001478952,0.887381692501,10.1936434109,0.782015503876,2.90697674419,-0.0857364341085,476.069457364,1
0.502969869599,202.764651163,0.854693592664,0.794467248696,0.860979799895,13.9618604651,0.707906976744,3.98139534884,-0.0651162790698,660.778604651,1
0.563312397092,100.776434109,0.877591396755,0.712770581208,0.884677110139,13.1482170543,0.74976744186,2.12589147287,-0.126201550388,696.729302326,1
0.518369905655,159.757209302,0.850596099008,0.770974441626,0.858904301103,13.8981395349,0.718759689922,3.2976744186,-0.091007751938,689.696124031,1
0.564064851872,91.9237209302,0.882975330916,0.697875768851,0.889484088644,13.0139534884,0.75007751938,1.92186046512,-0.171162790698,679.84248062,1
0.53681418184,96.9094573643,0.874962511273,0.754750771198,0.882265872059,14.0299224806,0.731782945736,2.02945736434,-0.185581395349,737.814573643,1
0.67174318851,188.754728682,0.869270633117,0.546628849376,0.877254693114,7.94976744186,0.819224806202,3.75069767442,0.0809302325581,336.368062016,1
0.78695164954,142.707286822,0.922593192904,0.330270469009,0.925959024938,4.51612403101,0.886821705426,2.81395348837,0.0882170542636,164.300775194,1
0.396498383511,381.140155039,0.740072985167,1.01608048018,0.756388916236,17.0423255814,0.627596899225,7.57426356589,0.146201550388,769.420775194,1
0.721345592212,103.464806202,0.911876311985,0.45529562335,0.917325613234,7.07813953488,0.848992248062,2.13705426357,0.0762790697674,330.170542636,1
0.746207944234,90.0257364341,0.919694562423,0.417773222813,0.925701212088,7.17596899225,0.863255813953,1.83348837209,0.104031007752,380.719689922,1
0.679023904813,159.08620155,0.897769804997,0.478815368693,0.901754511325,7.68108527132,0.823255813953,3.17674418605,0.108062015504,322.149147287,1
0.667035971396,171.291472868,0.893766937986,0.485689615041,0.89730130335,7.9,0.815813953488,3.43658914729,0.157054263566,326.986666667,1
0.72062255874,120.191937984,0.899846118714,0.487826719718,0.907270486678,7.71085271318,0.848682170543,2.34573643411,0.0767441860465,390.83875969,1
0.48190555856,192.693643411,0.819107904153,0.893458070316,0.831323069858,15.6088372093,0.693333333333,3.82790697674,0.162945736434,792.098914729,1
0.378226789255,460.381085271,0.727851093652,1.01449734344,0.741870115843,16.5948837209,0.611782945736,9.04713178295,0.0761240310078,674.476899225,1
0.547590265008,122.990077519,0.862506040635,0.745783449565,0.871767806922,13.3874418605,0.739224806202,2.51131782946,0.134418604651,687.900465116,1
0.95406929872,42.9968992248,0.979773885609,0.0782893545997,0.98058462472,0.79023255814,0.976744186047,0.846201550388,0.0311627906977,19.6812403101,1
0.664707457485,113.681860465,0.893092878656,0.545639613933,0.899847324039,8.81426356589,0.81488372093,2.3392248062,0.170542635659,417.237209302,1
0.617032245658,103.115348837,0.910100188635,0.567551268534,0.9153460346,11.5610852713,0.782635658915,2.04682170543,0.110852713178,619.454263566,1
0.798524031008,131.796899225,0.923280309224,0.311639595445,0.926414329294,4.25658914729,0.893333333333,2.6384496124,0.0404651162791,156.186356589,1
0.482940496364,175.55627907,0.825711260608,0.871163296827,0.837178267912,15.5641860465,0.693953488372,3.57364341085,0.086976744186,793.404341085,1
0.64571321435,75.3373643411,0.912509189606,0.557861090035,0.917661311601,10.1865116279,0.802790697674,1.57736434109,0.11519379845,531.171162791,1
0.826785986419,93.8524031008,0.935830372523,0.284331930002,0.939510410277,3.85488372093,0.909147286822,1.90139534884,0.0815503875969,156.476589147,1
0.680913406646,105.956899225,0.899200978517,0.526282952783,0.905347269756,8.4088372093,0.82480620155,2.20558139535,0.153643410853,402.938294574,1
0.503085824169,169.186356589,0.822267795878,0.849250247216,0.8351817745,14.8672868217,0.708527131783,3.50263565891,0.190697674419,761.384806202,1
0.605635622859,103.311937984,0.899544627791,0.629685974688,0.904968638532,11.3251162791,0.777364341085,2.14418604651,0.147441860465,582.131162791,1
0.620064178835,138.40124031,0.871616098488,0.635967432448,0.879757331592,10.3004651163,0.786976744186,2.8496124031,0.0964341085271,498.474418605,1
0.522374088096,94.1286821705,0.872264289689,0.77074549824,0.880815585408,14.659379845,0.721550387597,2.03937984496,0.157054263566,780.285271318,1
0.79105294153,92.5168992248,0.961392372626,0.253963793886,0.962357112831,5.77906976744,0.887131782946,1.72496124031,0.221240310078,300.71255814,1
0.475622666907,206.250542636,0.805897722092,0.887238748503,0.819264567982,15.5382945736,0.688682170543,4.18294573643,0.102015503876,776.054263566,1
0.572295318791,89.0381395349,0.881892214329,0.690717754484,0.889727256695,12.5689922481,0.755658914729,1.91007751938,0.17984496124,650.35379845,1
0.71357163632,59.4105426357,0.968468663375,0.294465051216,0.969970207857,9.62,0.835658914729,1.09302325581,0.191472868217,568.601860465,1
0.64879379845,49.8040310078,0.946303633386,0.426457763069,0.949044086619,12.0362790698,0.798759689922,0.954418604651,0.175503875969,722.178604651,1
0.533866474371,154.656434109,0.844647649272,0.783483996103,0.855189044081,14.0196899225,0.72992248062,3.14821705426,0.146201550388,733.670697674,1
0.67162627246,85.5063565891,0.893052604827,0.557765732558,0.901103764376,9.13302325581,0.819224806202,1.85240310078,0.195348837209,464.449612403,1
0.577283288264,56.3007751938,0.884140824056,0.673558357981,0.893226508542,13.3928682171,0.758759689922,1.28496124031,0.191937984496,744.916589147,1
0.595366624602,168.783565891,0.857964476532,0.652341119794,0.866774848874,10.6510077519,0.770852713178,3.41240310078,0.0435658914729,486.814883721,1
0.492177825852,163.466666667,0.841272243046,0.853762599069,0.851598815891,15.3382945736,0.700465116279,3.28434108527,0.134263565891,786.217364341,1
0.762134102518,129.304806202,0.91580866837,0.392984052935,0.921470817185,6.35875968992,0.872558139535,2.45705426357,0.123720930233,314.561550388,1
0.593914404182,169.214883721,0.864536284743,0.650791906413,0.872273338744,10.7007751938,0.76992248062,3.4288372093,0.121550387597,491.924031008,1
0.721141373716,105.371472868,0.903000526385,0.478131646655,0.909664076012,7.46899224806,0.848992248062,2.13736434109,0.093488372093,367.47875969,1
0.443837653987,103.464806202,0.839948591006,0.889820007912,0.850891147221,17.9872868217,0.662945736434,2.31441860465,0.0502325581395,970.336434109,1
0.47291321435,191.28372093,0.823852753687,0.895939408071,0.835419690718,16.0151937984,0.686511627907,3.78170542636,0.143255813953,817.000310078,1
0.821404963644,122.111317829,0.933495733989,0.276157197838,0.936423026836,3.67860465116,0.906046511628,2.43565891473,0.0637209302326,130.785116279,1
0.742507205096,138.506046512,0.902081581053,0.423441565505,0.907977000818,5.98852713178,0.861395348837,2.81488372093,0.015503875969,249.505736434,1
0.796089946518,89.1311627907,0.934063790317,0.340931102427,0.937565937845,4.96434108527,0.892093023256,1.7823255814,0.119379844961,224.68,1
0.634301592452,91.5727131783,0.911727591186,0.531896927991,0.91766525968,11.504496124,0.793488372093,1.83689922481,0.203410852713,649.666976744,1
0.781281605673,36.5674418605,0.944864984784,0.359740395558,0.948341126134,5.89426356589,0.883720930233,0.81488372093,0.108837209302,300.581395349,1
0.439422727,241.543875969,0.808746528298,0.955703526659,0.819870191193,16.876124031,0.661705426357,4.66511627907,0.182170542636,834.115348837,1
0.614081653747,101.143875969,0.87416956494,0.648088563203,0.884687240907,11.9294573643,0.782945736434,2.09953488372,0.126666666667,657.890542636,1
0.494010408028,162.121860465,0.849337402474,0.834665344615,0.858878600017,15.0854263566,0.701395348837,3.30511627907,0.244186046512,765.448992248,1
0.623967021213,155.709457364,0.873602265605,0.595559294285,0.880972702766,9.65968992248,0.789147286822,3.17240310078,0.135968992248,435.308527132,1
0.615496761012,186.583255814,0.872139703518,0.620803637768,0.878979373913,10.0144186047,0.783875968992,3.63875968992,0.0813953488372,453.970232558,1
0.606209242233,212.267596899,0.858756997688,0.644999888284,0.866169568757,10.1741085271,0.777984496124,4.11255813953,0.100620155039,453.081550388,1
0.724440021633,127.178294574,0.908620662658,0.451037144178,0.913347647572,6.75751937984,0.850852713178,2.53519379845,0.0741085271318,298.815813953,1
0.769240021633,82.0040310078,0.929071866927,0.39149510744,0.933728542326,6.35364341085,0.876899224806,1.61643410853,0.191162790698,328.854573643,1
0.634666378222,69.9906976744,0.908982016508,0.581777244289,0.915558626464,11.2744186047,0.795658914729,1.45736434109,0.215813953488,627.387596899,1
0.746207944234,90.0257364341,0.919694562423,0.417773222813,0.925701212088,7.17596899225,0.863255813953,1.83348837209,0.104031007752,380.719689922,1
0.721141373716,105.371472868,0.903000526385,0.478131646655,0.909664076012,7.46899224806,0.848992248062,2.13736434109,0.093488372093,367.47875969,1
0.71357163632,59.4105426357,0.968468663375,0.294465051216,0.969970207857,9.62,0.835658914729,1.09302325581,0.191472868217,568.601860465,1
0.64879379845,49.8040310078,0.946303633386,0.426457763069,0.949044086619,12.0362790698,0.798759689922,0.954418604651,0.175503875969,722.178604651,1
0.457579135869,63.5984496124,0.851575058416,0.875354783909,0.863029094634,17.3682170543,0.674728682171,1.54139534884,0.174728682171,931.027286822,1
0.486565086233,95.7029457364,0.849474423849,0.817330396046,0.860798629884,15.8213953488,0.695813953488,2.08434108527,0.166511627907,822.159379845,1
0.577283288264,56.3007751938,0.884140824056,0.673558357981,0.893226508542,13.3928682171,0.758759689922,1.28496124031,0.191937984496,744.916589147,1
0.620726639024,134.07627907,0.883996040255,0.591209365319,0.890571173305,9.98759689922,0.786976744186,2.78511627907,0.0486821705426,467.048682171,1
0.750358464035,120.821085271,0.913021387961,0.4156086336,0.91773232821,6.11162790698,0.866046511628,2.36031007752,0.129612403101,270.757829457,1
0.893338333033,27.7652713178,0.970680797676,0.179275362556,0.972450163876,2.65534883721,0.94511627907,0.586976744186,0.0513178294574,128.444651163,1
0.528577946037,226.004031008,0.829615408815,0.731556195953,0.839031981185,12.2448062016,0.725581395349,4.57519379845,0.106821705426,532.823565891,1
0.543644540593,226.764031008,0.832561983041,0.723264160085,0.841708134162,11.7962790698,0.736124031008,4.56434108527,0.115658914729,513.380465116,1
0.532443867556,251.025426357,0.827056082064,0.737527767216,0.836084278435,11.9719379845,0.728372093023,5.00930232558,0.0993798449612,509.44496124,1
0.546489946518,223.829147287,0.841756323209,0.709193537597,0.849596416779,11.74,0.737984496124,4.4511627907,0.1,511.501705426,1
0.623967021213,155.709457364,0.873602265605,0.595559294285,0.880972702766,9.65968992248,0.789147286822,3.17240310078,0.135968992248,435.308527132,1
0.710763728141,108.76124031,0.908144957877,0.476668485967,0.914058962234,7.41069767442,0.842790697674,2.19689922481,0.138449612403,345.431007752,1
0.636922781083,131.374883721,0.887922559682,0.584875690222,0.894237658619,9.68372093023,0.797519379845,2.63937984496,0.170852713178,458.628837209,1
0.525291028183,87.2015503876,0.872845774473,0.732296388621,0.879874064285,14.0103875969,0.723410852713,1.90356589147,0.16015503876,712.187906977,1
0.749288912926,56.383255814,0.933449295497,0.422984605308,0.937824565795,6.99720930233,0.865426356589,1.1776744186,0.073488372093,365.946666667,1
0.781281605673,36.5674418605,0.944864984784,0.359740395558,0.948341126134,5.89426356589,0.883720930233,0.81488372093,0.108837209302,300.581395349,1
0.897450778198,27.6148837209,0.974155513451,0.173696152547,0.975448119424,2.53178294574,0.947286821705,0.574263565891,0.0837209302326,121.669767442,1
0.593914404182,169.214883721,0.864536284743,0.650791906413,0.872273338744,10.7007751938,0.76992248062,3.4288372093,0.121550387597,491.924031008,1
0.700496268253,105.678139535,0.905571282865,0.485651054531,0.911488376872,7.67596899225,0.836589147287,2.17612403101,0.108527131783,357.298294574,1
0.648912829758,181.254883721,0.859890916615,0.614384868469,0.870369303082,9.24046511628,0.805271317829,3.58914728682,0.0773643410853,431.705736434,1
0.586481773932,245.576434109,0.835115770656,0.657877425949,0.845016218212,10.0834108527,0.76496124031,4.88620155039,0.108217054264,412.110697674,1
0.625712108647,230.604341085,0.85198768128,0.603859966506,0.859991283148,8.95643410853,0.790387596899,4.5503875969,0.0817054263566,362.706666667,1
0.712903984136,84.8679069767,0.923829787848,0.470145514341,0.927572147608,7.74527131783,0.844031007752,1.70573643411,0.0841860465116,383.975503876,1
0.827356721351,43.0750387597,0.953503735079,0.283859812342,0.955794868501,4.54217054264,0.909457364341,0.886511627907,0.110542635659,227.64,1
0.866065933538,43.3386046512,0.964968941696,0.220905303015,0.966679323823,3.38341085271,0.930542635659,0.860465116279,0.0801550387597,163.700465116,1
0.706934150592,135.284651163,0.890143872638,0.51604082621,0.897889793537,7.8088372093,0.840620155039,2.66635658915,0.0531782945736,377.83255814,1
0.692512517277,120.326511628,0.900905289226,0.474195584871,0.90653351137,7.63178294574,0.831627906977,2.48341085271,0.0996899224806,341.061395349,1
0.675278168379,114.817984496,0.890517459389,0.537940696251,0.898303119112,8.4911627907,0.821395348837,2.40434108527,0.171472868217,402.702325581,1
0.680913406646,105.956899225,0.899200978517,0.526282952783,0.905347269756,8.4088372093,0.82480620155,2.20558139535,0.153643410853,402.938294574,1
0.618895018328,93.2086821705,0.87173458223,0.664258051004,0.882723270232,10.9891472868,0.786356589147,2.05147286822,0.208372093023,567.502325581,1
0.620064178835,138.40124031,0.871616098488,0.635967432448,0.879757331592,10.3004651163,0.786976744186,2.8496124031,0.0964341085271,498.474418605,1
0.602464851872,211.165581395,0.842862386317,0.663089764383,0.853048995668,10.2057364341,0.775503875969,4.26263565891,0.134108527132,457.176124031,1
0.551803857941,56.1119379845,0.87724239473,0.71517903232,0.887513177347,14.2026356589,0.741395348837,1.29705426357,0.190542635659,783.766821705,1
0.67162627246,85.5063565891,0.893052604827,0.557765732558,0.901103764376,9.13302325581,0.819224806202,1.85240310078,0.195348837209,464.449612403,1
0.688213544859,102.267596899,0.908400615519,0.501600729505,0.913261525711,8.20511627907,0.829147286822,2.1280620155,0.150542635659,395.613023256,1
0.354322456583,89.4384496124,0.867251386456,0.950015022249,0.874226622992,22.5536434109,0.58511627907,1.98542635659,0.128527131783,1242.89612403,1
0.822975638483,23.6499224806,0.971162174317,0.233642239326,0.973810036968,5.58062015504,0.905426356589,0.50015503876,0.026511627907,331.319069767,1
0.830303275044,20.2229457364,0.976535511692,0.208071558179,0.978465663738,5.41069767442,0.909147286822,0.429457364341,0.00790697674419,324.844341085,1
0.49122538309,306.60124031,0.798209229511,0.819064395316,0.808905415977,13.1772093023,0.699534883721,6.05798449612,0.0612403100775,556.599689922,1
0.554106796467,272.871937984,0.827906656324,0.709104198818,0.836205996767,11.096744186,0.743255813953,5.42573643411,0.0871317829457,461.941395349,1
0.642496676882,252.524651163,0.858580478744,0.570083984581,0.864596399898,8.24775193798,0.800930232558,4.90046511628,0.0607751937984,316.95503876,1
0.680642076798,231.054573643,0.868065033987,0.516934033178,0.874380795121,7.17534883721,0.824496124031,4.5423255814,0.0751937984496,271.400620155,1
0.778532347816,117.826046512,0.921917754771,0.367737255625,0.925829332644,5.20635658915,0.882170542636,2.33271317829,0.140310077519,222.527751938,1
0.773103827895,94.3643410853,0.924347778339,0.375867568615,0.92879259813,5.54620155039,0.879069767442,1.94263565891,0.135348837209,251.669147287,1
0.763273457124,88.3029457364,0.925293979942,0.400968666691,0.929517700158,6.01069767442,0.873488372093,1.78201550388,0.155503875969,283.439069767,1
0.707596995373,110.761550388,0.910736230489,0.491788802551,0.915564393018,7.65333333333,0.840930232558,2.21829457364,0.137364341085,366.282790698,1
0.753060609338,70.6945736434,0.928385191561,0.414107834444,0.93265641669,6.54976744186,0.867596899225,1.44930232558,0.145736434109,324.227286822,1
0.75799242834,80.6384496124,0.928724633753,0.397512880492,0.932094303236,6.21937984496,0.870387596899,1.64496124031,0.141550387597,297.897364341,1
0.498796851151,195.147906977,0.824684125972,0.855184123079,0.836274253369,14.6694573643,0.705426356589,3.89085271318,0.151627906977,728.237209302,1
0.468119848567,150.100465116,0.830366371046,0.892188344242,0.842319083182,16.1379844961,0.683100775194,3.1007751938,0.124651162791,822.857364341,1
0.42825705186,122.941085271,0.820534848986,0.960878888381,0.833634840251,18.147751938,0.653023255814,2.62852713178,0.162015503876,951.484031008,1
0.479455321195,119.429147287,0.841230050348,0.84975690387,0.851648396411,15.9480620155,0.691162790698,2.51069767442,0.170387596899,825.006821705,1
0.547590265008,122.990077519,0.862506040635,0.745783449565,0.871767806922,13.3874418605,0.739224806202,2.51131782946,0.134418604651,687.900465116,1
0.465623075536,107.571472868,0.837854542836,0.882308524475,0.850508134097,16.8617054264,0.680930232558,2.3007751938,0.169302325581,894.490542636,1
0.482940496364,175.55627907,0.825711260608,0.871163296827,0.837178267912,15.5641860465,0.693953488372,3.57364341085,0.086976744186,793.404341085,1
0.459087891353,172.834108527,0.805783888193,0.927586198102,0.82088200723,16.6266666667,0.676589147287,3.6,0.142015503876,858.04372093,1
0.503085824169,169.186356589,0.822267795878,0.849250247216,0.8351817745,14.8672868217,0.708527131783,3.50263565891,0.190697674419,761.384806202,1
0.475622666907,206.250542636,0.805897722092,0.887238748503,0.819264567982,15.5382945736,0.688682170543,4.18294573643,0.102015503876,776.054263566,1
0.533866474371,154.656434109,0.844647649272,0.783483996103,0.855189044081,14.0196899225,0.72992248062,3.14821705426,0.146201550388,733.670697674,1
0.649583750977,73.4666666667,0.894132260464,0.583930088426,0.901586958132,10.1996899225,0.805581395349,1.56713178295,0.133953488372,537.07751938,1
0.53933537648,104.79255814,0.862878029875,0.768588512193,0.872275944162,13.8198449612,0.733643410853,2.23937984496,0.174573643411,720.619844961,1
0.785280211526,118.939224806,0.921155006605,0.33740354573,0.925279112986,4.78682170543,0.885891472868,2.4096124031,0.116744186047,191.475968992,1
0.455414458266,173.870697674,0.812361285542,0.930104905059,0.825955522342,16.6072868217,0.673798449612,3.58666666667,0.135348837209,846.721860465,1
0.292357718887,258.966821705,0.747792666545,1.16821965042,0.76238278543,22.6706976744,0.536744186047,5.41581395349,0.216744186047,1114.84372093,1
0.675762754642,156.463875969,0.878708909501,0.534527891698,0.886734880898,8.18635658915,0.821705426357,3.09333333333,0.127751937984,366.034108527,1
0.443837653987,103.464806202,0.839948591006,0.889820007912,0.850891147221,17.9872868217,0.662945736434,2.31441860465,0.0502325581395,970.336434109,1
0.95406929872,42.9968992248,0.979773885609,0.0782893545997,0.98058462472,0.79023255814,0.976744186047,0.846201550388,0.0311627906977,19.6812403101,1
0.812289934499,122.063875969,0.931406479402,0.30011691584,0.934528687368,4.02139534884,0.901085271318,2.40558139535,0.0561240310078,151.080930233,1
0.798524031008,131.796899225,0.923280309224,0.311639595445,0.926414329294,4.25658914729,0.893333333333,2.6384496124,0.0404651162791,156.186356589,1
0.771358163572,141.133953488,0.907115164019,0.399751470991,0.912762499919,5.38248062016,0.878139534884,2.77612403101,0.0937984496124,228.619534884,1
0.72384794183,190.648682171,0.88844994352,0.465286471349,0.894481784518,6.45891472868,0.850542635659,3.70666666667,0.0682170542636,265.245271318,1
0.617032245658,103.115348837,0.910100188635,0.567551268534,0.9153460346,11.5610852713,0.782635658915,2.04682170543,0.110852713178,619.454263566,1
0.725143633195,166.866666667,0.888703814569,0.441154578687,0.895430695829,6.21937984496,0.851162790698,3.37333333333,0.0671317829457,246.499224806,1
0.595366624602,168.783565891,0.857964476532,0.652341119794,0.866774848874,10.6510077519,0.770852713178,3.41240310078,0.0435658914729,486.814883721,1
0.72062255874,120.191937984,0.899846118714,0.487826719718,0.907270486678,7.71085271318,0.848682170543,2.34573643411,0.0767441860465,390.83875969,1
0.396498383511,381.140155039,0.740072985167,1.01608048018,0.756388916236,17.0423255814,0.627596899225,7.57426356589,0.146201550388,769.420775194,1
0.443207884142,342.498294574,0.776339282949,0.940147168882,0.789518744069,15.5424806202,0.664186046512,6.72589147287,0.162325581395,708.671937984,1
0.350882086413,356.40124031,0.75195525764,1.04663738018,0.766484310938,19.3773643411,0.588217054264,7.12744186047,0.116279069767,912.412713178,1
0.678668541554,120.422325581,0.885710188822,0.553598764094,0.894084917788,8.78418604651,0.823565891473,2.42046511628,0.0961240310078,435.727751938,1
0.722972802115,121.88124031,0.903966027428,0.450010361864,0.909827513033,6.77286821705,0.84992248062,2.50201550388,0.0888372093023,300.559379845,1
0.536353632594,216.314418605,0.832743320886,0.757704557727,0.843744755061,13.6592248062,0.731472868217,4.22201550388,0.131472868217,697.969302326,1
0.807175434169,64.8942635659,0.938212229831,0.321776269443,0.942016998582,4.79875968992,0.898294573643,1.36186046512,0.0604651162791,225.896124031,1
0.721345592212,103.464806202,0.911876311985,0.45529562335,0.917325613234,7.07813953488,0.848992248062,2.13705426357,0.0762790697674,330.170542636,1
0.606801514332,137.440310078,0.865900571973,0.645901260856,0.874266837148,10.5111627907,0.778294573643,2.90015503876,0.141860465116,495.745736434,1
0.73283932456,85.1965891473,0.917636532217,0.443700685864,0.922739137522,6.89813953488,0.855813953488,1.77457364341,0.117054263566,329.31875969,1
0.700442809927,130.147286822,0.897222314765,0.495019097906,0.903481733753,7.52976744186,0.836589147287,2.61426356589,0.128217054264,340.440310078,1
0.546377260982,164.700775194,0.856932563395,0.715483482528,0.865048263748,12.3475968992,0.737984496124,3.33643410853,0.117519379845,574.924651163,1
0.64571321435,75.3373643411,0.912509189606,0.557861090035,0.917661311601,10.1865116279,0.802790697674,1.57736434109,0.11519379845,531.171162791,1
0.648676882399,189.773023256,0.868854968796,0.583883359532,0.876062459167,8.85891472868,0.80496124031,3.74325581395,0.106356589147,392.40124031,1
0.605635622859,103.311937984,0.899544627791,0.629685974688,0.904968638532,11.3251162791,0.777364341085,2.14418604651,0.147441860465,582.131162791,1
0.522374088096,94.1286821705,0.872264289689,0.77074549824,0.880815585408,14.659379845,0.721550387597,2.03937984496,0.157054263566,780.285271318,1
0.572295318791,89.0381395349,0.881892214329,0.690717754484,0.889727256695,12.5689922481,0.755658914729,1.91007751938,0.17984496124,650.35379845,1
0.634301592452,91.5727131783,0.911727591186,0.531896927991,0.91766525968,11.504496124,0.793488372093,1.83689922481,0.203410852713,649.666976744,1
0.48131982453,135.161860465,0.850870884764,0.845328135125,0.860246234522,16.2457364341,0.692093023256,2.81829457364,0.124496124031,865.983565891,1
0.746586959918,188.594418605,0.886799630298,0.443176359852,0.893449821689,5.69162790698,0.863875968992,3.6703875969,0.0531782945736,219.066356589,1
0.689910942852,202.31751938,0.871763725326,0.543187002837,0.880374184535,7.61612403101,0.830387596899,3.91069767442,0.015503875969,328.16744186,1
0.51924504537,296.560930233,0.80205709923,0.79526046175,0.81602266452,13.8475968992,0.718449612403,5.71875968992,0.0634108527132,669.843410853,1
0.645702830359,183.60124031,0.873672655902,0.552508009663,0.88023346537,8.61457364341,0.802790697674,3.68434108527,-0.0238759689922,364.052403101,1
0.675868902109,188.381085271,0.870353327575,0.540127398346,0.87782452496,7.74620155039,0.821705426357,3.77333333333,0.0153488372093,322.623255814,1
0.688918117902,187.648682171,0.883258221359,0.481428064148,0.888770001724,7.12294573643,0.829457364341,3.73674418605,-0.033023255814,280.504496124,1
0.656239120245,193.924031008,0.863107835368,0.566888806733,0.871678805318,8.31798449612,0.809612403101,3.8911627907,-0.0451162790698,350.241860465,1
0.56618299381,205.375193798,0.81944381691,0.746795948628,0.83316850926,11.6469767442,0.751937984496,4.22604651163,0.0568992248062,542.590697674,1
0.52115012319,236.457984496,0.800695982802,0.834974905127,0.815557971944,13.1654263566,0.721240310078,4.79720930233,-0.0686821705426,615.067596899,1
0.361677014602,345.013643411,0.734414713434,1.09782824322,0.75238448816,18.7654263566,0.599689922481,6.81333333333,0.111782945736,863.576744186,1
0.383800877351,249.292713178,0.747930874743,1.07127660277,0.766883671353,18.524496124,0.617984496124,5.20527131783,-0.0308527131783,895.535503876,1
0.671813953488,152.342015504,0.882005033269,0.538741898469,0.888984923206,8.16728682171,0.819224806202,3.08930232558,-0.0280620155039,360.146976744,1
0.721502313563,179.828837209,0.89318688738,0.446755922377,0.898499032519,6.28124031008,0.848992248062,3.55348837209,-0.00372093023256,245.181085271,1
0.355267399796,186.230077519,0.772977518117,1.09728421113,0.790343412117,20.4920930233,0.594108527132,3.94604651163,-0.0368992248062,1036.66976744,1
0.435539691124,176.313488372,0.7877729817,0.972796667259,0.804942000256,17.0972093023,0.658914728682,3.76527131783,0.146511627907,860.054883721,1
0.469180938646,301.430387597,0.772717929901,0.918492767935,0.788632932953,14.4931782946,0.684031007752,6.01705426357,0.00635658914729,649.550697674,1
0.524092638664,245.921860465,0.804941832919,0.801132320697,0.818588710959,12.6313178295,0.723100775194,4.99348837209,0.0164341085271,565.801550388,1
0.410187945436,290.265426357,0.774207605852,0.944881444673,0.78617301591,16.5891472868,0.637829457364,5.91627906977,0.00558139534884,752.373643411,1
0.851860633375,103.628217054,0.941160995223,0.231351937822,0.943981493754,2.96821705426,0.922790697674,2.08093023256,-0.0165891472868,101.965581395,1
0.633731819001,230.871007752,0.844156454496,0.626425336809,0.85443179528,8.93162790698,0.795658914729,4.55658914729,-0.0680620155039,372.024186047,1
0.848331806983,83.8694573643,0.945147899543,0.248561527937,0.948041121579,3.33348837209,0.920930232558,1.67782945736,-0.0475968992248,133.205271318,1
0.5496709092,277.816124031,0.806818473563,0.772601080469,0.819495509147,11.532248062,0.740775193798,5.4911627907,-0.0482170542636,493.349767442,1
0.544429878012,200.794108527,0.832515804399,0.758705191749,0.843338550023,12.3034108527,0.737054263566,4.11317829457,0.0423255813953,571.991627907,1
0.430247893756,189.025736434,0.787524294396,0.991118850349,0.804249493084,17.6862015504,0.65488372093,3.89891472868,0.046511627907,906.627596899,1
0.522056414879,188.328062016,0.841922910034,0.721663554572,0.850524752658,12.7872868217,0.720930232558,3.88341085271,-0.0415503875969,579.117209302,1
0.574821320834,209.005271318,0.841576169712,0.693604277374,0.850695357743,11.2905426357,0.757209302326,4.24682170543,0.0365891472868,523.355348837,1
0.596523093564,209.333023256,0.842503145609,0.681204589706,0.852666302449,10.5387596899,0.771782945736,4.22294573643,0.06,481.057054264,1
0.541593125413,197.298914729,0.832139564616,0.77813851092,0.84327657035,12.6965891473,0.73519379845,4.03069767442,0.0758139534884,607.131162791,1
0.712233639805,160.814573643,0.886958788329,0.498957974394,0.894248700394,7.17503875969,0.843720930233,3.11968992248,-0.00170542635659,318.575503876,1
0.496654287603,238.772403101,0.821408055826,0.792013331756,0.830748511952,13.4875968992,0.703255813953,4.74573643411,-0.0426356589147,598.363100775,1
0.726675079623,159.210542636,0.888832146963,0.450629651924,0.895827815884,6.34511627907,0.852093023256,3.22356589147,0.0598449612403,262.219534884,1
0.674759930293,232.52372093,0.871831836691,0.469279834671,0.876960488324,6.97937984496,0.820465116279,4.64589147287,-0.0258914728682,244.790697674,1
0.665466450334,181.011782946,0.871584154192,0.545060901319,0.879109550999,8.09317829457,0.81519379845,3.69829457364,0.0742635658915,345.382015504,1
0.286576527853,321.822325581,0.722766698133,1.15643572318,0.738344075889,22.0773643411,0.530852713178,6.62852713178,-0.0106976744186,1034.5475969,1
0.453684754522,112.582015504,0.831966716515,0.919473528681,0.845525725385,17.5796899225,0.672248062016,2.37860465116,0.0336434108527,947.731782946,1
0.435327973079,137.761860465,0.811965213996,0.961775788669,0.826199453804,17.8111627907,0.658604651163,2.97364341085,-0.0164341085271,936.343255814,1
0.171283264227,377.026976744,0.658689060709,1.37826956412,0.678608253957,28.3082170543,0.404651162791,7.85798449612,0.11007751938,1347.04682171,1
0.598003196923,226.717209302,0.850966591185,0.667535930195,0.858765547905,10.2547286822,0.772713178295,4.40527131783,0.0506976744186,447.227596899,1
0.491769388859,208.493953488,0.808016760097,0.880382453019,0.823225136921,15.363255814,0.700465116279,4.09891472868,0.0810852713178,783.367131783,1
0.533842437354,171.036589147,0.839913024985,0.787135984878,0.850885758322,13.1840310078,0.72992248062,3.5103875969,0.0941085271318,642.285891473,1
0.462892662701,175.512248062,0.796987098524,0.931072072661,0.813554800974,16.8156589147,0.679379844961,3.64124031008,0.073023255814,883.350077519,1
0.491505173968,255.339844961,0.801068907211,0.832939533353,0.813011125062,13.6665116279,0.69984496124,5.17054263566,-0.0528682170543,610.689612403,1
0.519143897602,265.035658915,0.814438224611,0.806295350957,0.825651122846,12.823875969,0.719689922481,5.21612403101,0.0093023255814,572.893333333,1
0.769181371312,59.6558139535,0.92128350603,0.401034774478,0.927890963439,6.17302325581,0.876899224806,1.30170542636,0.00868217054264,309.436589147,1
0.768688131723,101.244341085,0.91969990935,0.395081910023,0.924426012379,5.82899224806,0.876589147287,2.02449612403,0.00821705426357,271.218294574,1
0.631065248483,212.44372093,0.867600743911,0.610840942688,0.874460697779,9.18403100775,0.793798449612,4.15162790698,0.0572093023256,396.031007752,1
0.547671221681,241.914728682,0.834034837798,0.714610733829,0.842836771928,11.5303875969,0.738914728682,4.80651162791,0.0454263565891,492.39379845,1
0.553198966408,236.620155039,0.819742463688,0.717649670479,0.831305964067,11.319379845,0.742635658915,4.87689922481,-0.00062015503876,485.855193798,1
0.657223868758,214.688992248,0.861178396569,0.571099981795,0.869222922066,8.19627906977,0.81023255814,4.27596899225,-0.0102325581395,338.978294574,1
0.567002559942,222.951937984,0.83528353398,0.7135600707,0.845333484004,11.1497674419,0.752248062016,4.49054263566,-0.0195348837209,489.715348837,1
0.410187945436,290.265426357,0.774207605852,0.944881444673,0.78617301591,16.5891472868,0.637829457364,5.91627906977,0.00558139534884,752.373643411,1
0.320647364942,146.195968992,0.791369810874,1.11383214736,0.804587998256,22.6719379845,0.562480620155,3.13488372093,-0.015503875969,1176.2496124,1
0.0853447749534,283.822945736,0.673654924826,1.59863136538,0.69236732426,37.1706976744,0.272868217054,6.05178294574,0.00790697674419,1917.35813953,1
0.419157983294,228.837829457,0.787787488635,0.957335310576,0.800946907805,16.9773643411,0.645581395349,4.73178294574,-0.0508527131783,812.640930233,1
0.482874154197,247.061395349,0.818924950933,0.788732385063,0.827894779016,13.7635658915,0.692713178295,4.97147286822,-0.0547286821705,601.895193798,1
0.502105306172,217.768682171,0.833774943392,0.767395887313,0.841628224065,13.3550387597,0.706666666667,4.44651162791,-0.0139534883721,600.142945736,1
0.455543296677,135.582635659,0.831312973146,0.856102448541,0.842050784845,16.1587596899,0.673178294574,2.93147286822,0.0319379844961,801.091782946,1
0.556243975723,120.171782946,0.870426726768,0.668796397772,0.877686621564,12.3017054264,0.744496124031,2.56496124031,0.0874418604651,592.626356589,1
0.638216934078,227.79875969,0.864692219525,0.547998064938,0.870127305838,8.37100775194,0.797829457364,4.55596899225,0.00604651162791,327.046511628,1
0.538892133886,137.36,0.873927278917,0.674619876587,0.879573958528,12.7497674419,0.732093023256,2.90046511628,0.0880620155039,608.464806202,1
0.494150591912,126.759689922,0.861264411699,0.798674161077,0.868621145202,14.944496124,0.701395348837,2.68775193798,0.0657364341085,753.59751938,1
0.46851732468,144.450542636,0.846462628903,0.848788757036,0.854515794276,15.7964341085,0.682790697674,3.05209302326,0.102480620155,791.153178295,1
0.60650153236,179.04372093,0.867785746263,0.625254726352,0.874423446052,10.0688372093,0.777984496124,3.62976744186,0.00217054263566,448.932403101,1
0.574821320834,209.005271318,0.841576169712,0.693604277374,0.850695357743,11.2905426357,0.757209302326,4.24682170543,0.0365891472868,523.355348837,1
0.664848987441,108.969302326,0.900050552504,0.533412312728,0.905484569459,8.84,0.81488372093,2.25798449612,0.0331782945736,421.326511628,1
0.847864911964,44.0855813953,0.96171730633,0.240876951427,0.963261677372,3.7407751938,0.920620155039,0.906666666667,0.00031007751938,175.473488372,1
0.410995589207,87.816124031,0.859550290768,0.865197868299,0.86539731523,18.5530232558,0.637829457364,1.95689922481,-0.0172093023256,954.889922481,1
0.304586983955,118.774263566,0.77742264218,1.18219325558,0.79502641067,24.123875969,0.549147286822,2.71534883721,0.077984496124,1299.85612403,1
0.418966840935,175.76,0.803249806098,0.958015892974,0.816836264001,17.4697674419,0.645581395349,3.73147286822,0.0458914728682,862.770542636,1
0.712233639805,160.814573643,0.886958788329,0.498957974394,0.894248700394,7.17503875969,0.843720930233,3.11968992248,-0.00170542635659,318.575503876,1
0.537685283336,186.641550388,0.818252531461,0.803805455603,0.832443208145,13.1849612403,0.732713178295,3.87627906977,0.0165891472868,651.507286822,1
0.398567682231,163.090232558,0.781299378553,0.991591185589,0.79824330631,18.4415503876,0.629457364341,3.51751937984,-0.0493023255814,916.831007752,1
0.556446848146,148.909767442,0.828366140801,0.759199246007,0.842862909414,12.6195348837,0.745426356589,3.16217054264,0.0663565891473,626.581395349,1
0.867260669431,98.8868217054,0.946072247661,0.222505850237,0.948566059116,2.72651162791,0.931162790698,1.95782945736,0.0381395348837,98.3882170543,1
0.529483468542,184.921860465,0.83436330136,0.75101269306,0.844878158383,12.7493023256,0.726511627907,3.82542635659,-0.00325581395349,589.652093023,1
0.768688131723,101.244341085,0.91969990935,0.395081910023,0.924426012379,5.82899224806,0.876589147287,2.02449612403,0.00821705426357,271.218294574,1
0.493762922901,175.990077519,0.826002042022,0.820446307455,0.838214703251,14.2474418605,0.701395348837,3.66945736434,0.0390697674419,675.702015504,1
0.415171299802,133.069457364,0.837372529672,0.898468948715,0.846645897688,19.4823255814,0.640620155039,2.6192248062,0.0655813953488,1051.9296124,1
0.805597644372,114.384806202,0.926842271601,0.324720256819,0.930823086609,4.45162790698,0.897364341085,2.29736434109,0.0584496124031,187.577674419,1
0.628719812511,118.629767442,0.899297247665,0.525349358027,0.903142832667,9.61782945736,0.791627906977,2.45426356589,0.0150387596899,440.075348837,1
0.596160230755,161.587906977,0.868591344324,0.621535172247,0.875567185826,10.4857364341,0.771162790698,3.28465116279,0.0897674418605,472.943255814,1
0.637550627967,160.579224806,0.885945707,0.544055492232,0.890669424058,9.00465116279,0.797519379845,3.2415503876,-0.0300775193798,390.84620155,1
0.449169256655,152.086821705,0.830329349701,0.903396061611,0.841701865926,17.1305426357,0.668527131783,3.14108527132,0.0858914728682,890.457674419,1
0.756040430263,134.79379845,0.912452882636,0.380655799192,0.91650963985,5.55286821705,0.869147286822,2.71689922481,-0.0328682170543,225.650852713,1
0.380133982333,257.477209302,0.772384088241,1.02954764456,0.786440384368,18.4536434109,0.614573643411,5.22480620155,-0.026976744186,876.467906977,1
0.65272087014,208.654883721,0.856279424012,0.583649160878,0.865575509697,8.40930232558,0.807441860465,4.17302325581,0.00868217054264,353.363410853,1
0.487254852473,115.667286822,0.846658636698,0.7913050516,0.856458989213,15.0023255814,0.696434108527,2.52744186047,-0.0196899224806,743.751627907,1
0.657278288564,92.7373643411,0.914409673195,0.522696097319,0.918031011073,9.2223255814,0.80992248062,1.90201550388,0.0251162790698,446.961860465,1
0.567138128718,185.608992248,0.848438508426,0.672059031521,0.857438952788,11.2652713178,0.751937984496,3.79751937984,-0.158914728682,503.363100775,1
0.576012210805,223.629147287,0.82159943761,0.733277855781,0.834694508314,11.1807751938,0.758449612403,4.53953488372,0.0331782945736,510.07503876,1
0.453030947659,103.988837209,0.871241956358,0.762497816727,0.87613015817,16.2654263566,0.669147286822,2.24496124031,-0.0105426356589,801.177364341,1
0.400692939126,245.364341085,0.785037472265,0.979234907737,0.798780157527,17.5417054264,0.631007751938,5.01395348837,0.0093023255814,828.203100775,1
0.868709813112,43.6896124031,0.964646220999,0.21152815658,0.967122294525,3.53627906977,0.931782945736,0.905736434109,0.0841860465116,186.728372093,1
0.855060441079,62.0852713178,0.959427001737,0.224942535522,0.961771796568,3.70093023256,0.924341085271,1.25426356589,0.0683720930233,183.708527132,1
0.666876557899,158.993178295,0.889317005581,0.496494099038,0.894293798212,8.00945736434,0.815813953488,3.23813953488,0.0106976744186,338.644031008,1
0.688066438315,172.519379845,0.890546242041,0.477842936929,0.895285235959,7.29720930233,0.828837209302,3.46573643411,-0.00015503875969,298.989767442,1
0.568678228472,146.586976744,0.854932526929,0.681178736249,0.864244553814,11.6575193798,0.753178294574,3.09178294574,-0.00511627906977,548.347906977,1
0.993193870561,6.2015503876,0.997520371696,0.0115085475988,0.997568019456,0.108527131783,0.996589147287,0.124031007752,0.0,2.32558139535,1
0.870206838531,59.0548837209,0.961651508278,0.203479294494,0.963270991087,2.89271317829,0.932713178295,1.2,-0.0483720930233,120.589147287,1
0.826288708611,63.9165891473,0.949192527899,0.275981286421,0.951720022802,4.14372093023,0.908837209302,1.3088372093,-0.0187596899225,185.610542636,1
0.830261354486,67.2449612403,0.949721017001,0.263664981257,0.951790253934,3.96170542636,0.911007751938,1.37829457364,-0.0317829457364,173.236899225,1
0.529467315666,236.340465116,0.81876105407,0.782145372443,0.830491813104,12.5537984496,0.726821705426,4.7007751938,0.00682170542636,564.433178295,1
0.683875151734,246.726511628,0.871998701187,0.46370850603,0.876723636056,6.60666666667,0.826046511628,4.88465116279,-0.028992248062,220.075968992,1
0.832628904513,72.0136434109,0.950354894261,0.251488743029,0.952393131704,3.8015503876,0.912248062016,1.47472868217,0.088992248062,160.462325581,1
0.654681329247,233.062945736,0.864576165706,0.504618820875,0.870259285759,7.65488372093,0.808062015504,4.65240310078,-0.0238759689922,280.585736434,1
0.459227113755,205.231317829,0.817632805119,0.809938649426,0.828042471139,14.9927131783,0.675348837209,4.26573643411,0.0813953488372,685.622635659,1
0.608248542756,174.712868217,0.853994220409,0.621409284468,0.863083332839,10.0026356589,0.779224806202,3.60093023256,-0.00821705426357,445.620465116,1
0.64749137672,141.658914729,0.882497671581,0.550517243539,0.889626644345,8.96992248062,0.804031007752,2.92899224806,-0.0703875968992,406.299534884,1
0.798448074034,107.982325581,0.929543452706,0.318780517232,0.932819657259,4.51643410853,0.893333333333,2.17333333333,-0.0590697674419,182.729612403,1
0.51924504537,296.560930233,0.80205709923,0.79526046175,0.81602266452,13.8475968992,0.718449612403,5.71875968992,0.0634108527132,669.843410853,1
0.520594387357,213.114108527,0.818108041477,0.79503377266,0.829804581562,13.0203100775,0.720620155039,4.34139534884,-0.0125581395349,598.444341085,1
0.41704907157,263.985426357,0.753885849984,1.01876130328,0.773126658337,16.900620155,0.644651162791,5.41736434109,0.0500775193798,793.661705426,1
0.357106904633,232.608992248,0.739204647231,1.1233334233,0.760039082927,19.9646511628,0.595968992248,4.94449612403,-0.0617054263566,988.311007752,1
0.779030202512,132.528992248,0.91294196449,0.379803855358,0.917981927367,5.12899224806,0.882480620155,2.62449612403,0.0164341085271,214.174883721,1
0.689910942852,202.31751938,0.871763725326,0.543187002837,0.880374184535,7.61612403101,0.830387596899,3.91069767442,0.015503875969,328.16744186,1
0.419596033892,155.902635659,0.784762790576,0.989160015684,0.802329459168,17.9810852713,0.646511627907,3.35565891473,-0.0325581395349,915.158139535,1
0.658874923382,182.731782946,0.871910976484,0.55823861553,0.879884187793,8.40093023256,0.811162790698,3.68062015504,-0.0604651162791,364.060155039,1
0.525281028784,291.407131783,0.798348278328,0.796006185384,0.811359750493,12.2427906977,0.723720930233,5.83131782946,0.0403100775194,526.954108527,1
0.596523093564,209.333023256,0.842503145609,0.681204589706,0.852666302449,10.5387596899,0.771782945736,4.22294573643,0.06,481.057054264,1
0.541593125413,197.298914729,0.832139564616,0.77813851092,0.84327657035,12.6965891473,0.73519379845,4.03069767442,0.0758139534884,607.131162791,1
0.539854576047,211.511627907,0.828026901318,0.771068070878,0.839136884174,12.467751938,0.733953488372,4.27875968992,-0.0116279069767,578.365891473,1
0.51036615588,207.236899225,0.802426164301,0.860739201018,0.818739377964,13.9759689922,0.713798449612,4.24775193798,-0.00480620155039,677.822635659,1
0.552003269034,171.980155039,0.827829711469,0.757175847728,0.841637707182,12.2862015504,0.742325581395,3.56837209302,-0.111007751938,580.171782946,1
0.637803689682,200.980465116,0.862119154065,0.592473248974,0.870089258956,8.92434108527,0.798139534884,3.97333333333,-0.0480620155039,380.04,1
0.589840225948,249.701705426,0.824441302564,0.696410333607,0.835716646885,10.2607751938,0.767441860465,4.96434108527,-0.0381395348837,435.684651163,1
0.423801165795,216.299534884,0.78741409524,0.96472649374,0.802440781639,16.8812403101,0.649302325581,4.52775193798,0.0796899224806,811.671007752,1
0.65725559762,169.618294574,0.893174146324,0.471168211164,0.896445185465,8.10062015504,0.809302325581,3.43658914729,-0.00728682170543,331.76372093,1
0.489865464816,255.497364341,0.793120777577,0.85705038507,0.807390082158,13.7933333333,0.698914728682,5.18418604651,0.00356589147287,619.159689922,1
0.772821537167,107.534263566,0.932073092083,0.348778412136,0.934578308611,5.28868217054,0.878759689922,2.15069767442,-0.0409302325581,223.876589147,1
0.505096087975,175.688682171,0.850841650646,0.709266496889,0.85763736997,13.4350387597,0.708217054264,3.63100775194,-0.0517829457364,612.84620155,1
0.491769388859,208.493953488,0.808016760097,0.880382453019,0.823225136921,15.363255814,0.700465116279,4.09891472868,0.0810852713178,783.367131783,1
0.462892662701,175.512248062,0.796987098524,0.931072072661,0.813554800974,16.8156589147,0.679379844961,3.64124031008,0.073023255814,883.350077519,1
0.306917997716,36.3621705426,0.834362267095,1.0207794871,0.842495370452,24.5637209302,0.546976744186,1.04992248062,0.0241860465116,1336.23379845,1
0.57279201971,212.099534884,0.853956376271,0.667447783229,0.86390931099,12.8013953488,0.754108527132,4.01333333333,0.0283720930233,664.841550388,1
0.47749524668,186.996899225,0.828058641943,0.794513685069,0.837666437652,14.5337984496,0.688992248062,3.90666666667,-0.0417054263566,675.717829457,1
0.406615852413,268.071627907,0.770768993936,1.01120098113,0.785168530594,17.4717829457,0.636279069767,5.4,0.0972093023256,832.347286822,1
0.355267399796,186.230077519,0.772977518117,1.09728421113,0.790343412117,20.4920930233,0.594108527132,3.94604651163,-0.0368992248062,1036.66976744,1
0.532394639745,197.689922481,0.829171212627,0.754309145514,0.84001459953,12.5829457364,0.728682170543,4.03534883721,-0.0412403100775,575.150697674,1
0.725617258578,109.788527132,0.910886867491,0.439456549764,0.91593556263,6.78294573643,0.851472868217,2.25054263566,-0.0102325581395,305.845581395,1
0.725617258578,109.788527132,0.910886867491,0.439456549764,0.91593556263,6.78294573643,0.851472868217,2.25054263566,-0.0102325581395,305.845581395,1
0.545649804699,130.949767442,0.855624914636,0.702226056161,0.865400640924,12.5868217054,0.737364341085,2.77364341085,-0.0612403100775,600.879379845,1
0.631065248483,212.44372093,0.867600743911,0.610840942688,0.874460697779,9.18403100775,0.793798449612,4.15162790698,0.0572093023256,396.031007752,1
0.602160447089,178.506356589,0.841844687447,0.677498869876,0.853456454023,10.5334883721,0.775503875969,3.69891472868,0.0637209302326,491.99255814,1
0.543608773511,196.897674419,0.834305043632,0.787705389414,0.845231667506,13.0671317829,0.736744186047,3.83534883721,-0.0643410852713,640.130232558,1
0.582198569797,211.660155039,0.842257988753,0.710387000872,0.851994934249,10.9575193798,0.762480620155,4.17240310078,-0.0778294573643,490.821395349,1
0.567002559942,222.951937984,0.83528353398,0.7135600707,0.845333484004,11.1497674419,0.752248062016,4.49054263566,-0.0195348837209,489.715348837,1
0.34422344811,44.8660465116,0.842666982334,1.00585257862,0.852487619572,22.7840310078,0.582015503876,1.15317829457,-0.00666666666667,1244.07472868,1
0.465759798089,38.5010852713,0.871348424916,0.828481063539,0.879914607248,17.4899224806,0.680310077519,0.976124031008,-0.0254263565891,958.386046512,1
0.40232707169,101.264806202,0.842905401118,0.940095066749,0.852376588594,20.4311627907,0.631317829457,2.06294573643,-0.108062015504,1130.51286822,1
0.371050297458,133.550387597,0.819414583794,1.00652124383,0.830566731881,20.0979844961,0.605891472868,2.82790697674,0.0350387596899,1023.52248062,1
0.753771528153,147.32372093,0.914714848298,0.389603156774,0.918213218628,5.56294573643,0.867906976744,2.88465116279,-0.0165891472868,220.568682171,0
0.870957754943,59.3103875969,0.965693467967,0.193110293767,0.967041177785,3.34387596899,0.933023255814,1.16217054264,-0.0772093023256,170.92,0
0.772102734211,172.513488372,0.908388981872,0.368291841612,0.912289445293,4.8111627907,0.878449612403,3.36248062016,-0.0350387596899,170.909457364,0
0.879328213449,89.7637209302,0.950069983324,0.211350853142,0.95280631696,2.56341085271,0.937674418605,1.71596899225,0.0362790697674,95.1910077519,0
0.490488504297,374.776434109,0.805668769433,0.733893774,0.811343361613,12.199379845,0.697054263566,7.39286821705,0.0551937984496,454.510697674,0
0.793412222823,74.063255814,0.94208852316,0.334221172937,0.944774174823,5.09147286822,0.890542635659,1.50511627907,-0.00403100775194,234.119069767,0
0.0353502794303,68.5665116279,0.650584700108,1.70511338473,0.677462260526,51.0485271318,0.0998449612403,2.04124031008,-0.0249612403101,2903.02449612,0
0.103150820263,491.223565891,0.619623962233,1.49061365058,0.63693992238,32.5739534884,0.299534883721,10.0905426357,0.222635658915,1511.0055814,0
0.431117264587,228.279379845,0.834210828565,0.856712892189,0.840848408823,16.3279069767,0.653333333333,4.64527131783,0.139379844961,767.87503876,0
0.662233567694,198.033488372,0.860078377902,0.560249533624,0.869439962447,8.18108527132,0.813333333333,3.95596899225,-0.116899224806,344.514728682,0
0.881251751698,175.134573643,0.938626507203,0.17739499654,0.939739657372,1.63612403101,0.938604651163,3.27224806202,-0.0327131782946,0.0,0
0.892839132264,117.952248062,0.950312615807,0.170093878756,0.95169257101,1.77085271318,0.94480620155,2.27224806202,0.031007751938,34.0930232558,0
0.541810420047,279.824186047,0.820256608829,0.655662735666,0.829136132984,10.9930232558,0.733953488372,5.67534883721,0.328217054264,430.448682171,0
0.843774003966,113.278139535,0.93795795388,0.266456387119,0.941653580518,3.79627906977,0.918449612403,2.10480620155,-0.0189147286822,168.99627907,0
0.764050333514,200.488992248,0.897595159363,0.38094316864,0.901991492884,4.81069767442,0.873798449612,3.89736434109,-0.00387596899225,156.804031008,0
0.654118093865,282.935503876,0.853419944363,0.525198373002,0.859251048718,7.36418604651,0.807751937984,5.5792248062,-0.0727131782946,248.358139535,0
0.879421477075,46.5013953488,0.967146494652,0.194944128203,0.968356478114,2.82465116279,0.937674418605,0.951627906977,0.0324031007752,126.720930233,0
0.908668373295,54.9906976744,0.969442907404,0.151185431679,0.97062693049,1.98744186047,0.953178294574,1.07317829457,0.0475968992248,80.3652713178,0
0.998760266811,1.87596899225,0.999380049903,0.0024450787647,0.999390919158,0.0170542635659,0.999379844961,0.0341085271318,0.0,0.0,0
0.909917336699,88.5072868217,0.960664106288,0.135499156375,0.961682199696,1.49488372093,0.953798449612,1.74139534884,0.0241860465116,32.0539534884,0
0.983331578631,22.64,0.991692821039,0.0304970563782,0.991881133429,0.229457364341,0.991627906977,0.427286821705,6.93889390391e-18,0.838139534884,0
0.828760290848,246.627596899,0.911047911673,0.249359740874,0.912850952248,2.47720930233,0.91007751938,4.62759689922,-0.00186046511628,9.16930232558,0
0.948635394508,45.9739534884,0.978188858287,0.0870297943211,0.978979858082,0.90480620155,0.973953488372,0.896744186047,-0.0558139534884,23.8285271318,0
0.670724788174,406.08744186,0.841525197092,0.460608427176,0.845235670881,5.77302325581,0.817674418605,7.73209302326,0.0527131782946,103.07751938,0
0.829053542455,150.459844961,0.925151254243,0.285949321279,0.928724226941,3.41534883721,0.910387596899,2.89581395349,-0.00449612403101,110.605581395,0
0.889250694069,97.9119379845,0.955748138292,0.190163199992,0.957582973136,2.33333333333,0.942945736434,1.79410852713,0.0421705426357,83.6080620155,0
0.847339366625,221.088992248,0.92113660355,0.229289340784,0.922774078607,2.21860465116,0.920310077519,4.11658914729,-0.0248062015504,8.91906976744,0
0.366269430924,634.076589147,0.649716590943,1.07337007443,0.670499581659,15.7409302326,0.602790697674,12.2365891473,-0.181240310078,543.244031008,0
0.530673012439,495.176124031,0.772284916468,0.632247854861,0.779544117469,9.34341085271,0.72496124031,9.71565891473,-0.0401550387597,233.022015504,0
0.847080151433,82.6744186047,0.940417872541,0.273861637475,0.944076798122,3.55302325581,0.920310077519,1.6703875969,0.06,153.812713178,0
0.985792199988,19.6279069767,0.99302564282,0.0258433679106,0.993148430567,0.198449612403,0.992868217054,0.365891472868,-6.93889390391e-18,0.790697674419,0
0.894035791118,95.863255814,0.956029440071,0.167313481487,0.957529929127,1.92666666667,0.945426356589,1.86387596899,-0.0556589147287,52.6117829457,0
0.892151865873,58.6248062016,0.960679227792,0.189149134564,0.963019277798,2.41906976744,0.944496124031,1.17426356589,-0.0643410852713,101.339534884,0
0.90040733129,74.4179844961,0.960774621884,0.167600687833,0.962515911216,1.97736434109,0.948837209302,1.46666666667,-0.042480620155,67.76,0
0.828662219819,114.413953488,0.937856363927,0.267346742495,0.940173722462,3.5607751938,0.91007751938,2.27317829457,-0.0398449612403,128.631937984,0
0.740813845322,129.595348837,0.918424310068,0.392408545501,0.922206390526,6.03674418605,0.86015503876,2.57147286822,-0.0882170542636,249.749767442,0
0.72478307794,337.379534884,0.861261743013,0.397115590884,0.865308469088,4.60976744186,0.850542635659,6.48713178295,0.0817054263566,73.2120930233,0
0.955879574545,49.1758139535,0.981060501018,0.0760778605033,0.981459331727,0.718759689922,0.977674418605,0.925271317829,0.0167441860465,13.4062015504,0
0.993809218196,4.22573643411,0.997184346695,0.0120370362169,0.997388543969,0.128682170543,0.996899224806,0.0849612403101,-0.0077519379845,5.04930232558,0
0.96375640887,19.5342635659,0.987824125093,0.0679978460698,0.9884060085,0.800310077519,0.981705426357,0.386356589147,0.046511627907,33.8834108527,0
0.624778703203,165.731782946,0.876501172791,0.609705967211,0.882605790427,9.80480620155,0.78976744186,3.32620155039,-0.0243410852713,451.921550388,0
0.854963139234,151.041860465,0.937473450392,0.215141195271,0.939048878646,2.50697674419,0.924341085271,2.92589147287,-0.00434108527132,57.2815503876,0
0.867754293612,90.6551937984,0.948505381944,0.22824963905,0.951290954791,2.80759689922,0.931472868217,1.76031007752,0.0537984496124,105.064806202,0
0.905675091641,59.1029457364,0.965636307942,0.161719534439,0.967441778894,2.0023255814,0.951627906977,1.15379844961,0.0339534883721,76.7851162791,0
0.951658866655,33.0,0.982805339395,0.0803187137397,0.983459513533,1.08294573643,0.975503875969,0.653953488372,0.00945736434109,47.5714728682,0
0.572575878853,414.927751938,0.810782345471,0.617264833761,0.816734369453,8.84775193798,0.75503875969,7.97271317829,0.152868217054,253.67255814,0
0.92760185085,54.4108527132,0.97053595686,0.129943426179,0.972214155598,1.57875968992,0.963100775194,1.03782945736,-0.0770542635659,63.6133333333,0
0.865716723755,174.95503876,0.933368992812,0.196498057211,0.934724220245,1.96124031008,0.93023255814,3.35379844961,0.024496124031,14.8198449612,0
0.968023075536,36.7565891473,0.98523398662,0.0590487453299,0.985688571643,0.544186046512,0.983875968992,0.688372093023,0.0176744186047,11.6703875969,0
0.87317896761,122.860775194,0.948718257037,0.192502565909,0.9503678397,2.43565891473,0.934263565891,2.36837209302,-0.0195348837209,76.5209302326,0
0.67158992849,119.660155039,0.889293041365,0.568577107074,0.896915497944,8.98728682171,0.819224806202,2.44465116279,0.0992248062016,447.148527132,0
0.554343128418,132.588217054,0.875843069642,0.714839440001,0.882800194726,12.7350387597,0.743565891473,2.68744186047,0.0156589147287,631.657054264,0
0.893952526891,54.0995348837,0.967302689662,0.176764206448,0.968513088893,2.67271317829,0.945426356589,1.03100775194,0.105271317829,130.756589147,0
0.954657148008,22.4604651163,0.982653054267,0.0828586587824,0.983978565284,1.13720930233,0.977054263566,0.457364341085,-0.0382945736434,56.383875969,0
0.965587260381,40.0992248062,0.983988245143,0.0621088803053,0.98461465655,0.617984496124,0.982635658915,0.733643410853,-0.0344186046512,15.3950387597,0
0.965027101737,36.2328682171,0.985152906169,0.0527931537023,0.985471417784,0.532248062016,0.982325581395,0.720310077519,-0.0156589147287,8.76434108527,0
0.907563631993,73.6142635659,0.967003147501,0.143707360987,0.967959298144,1.83255813953,0.952558139535,1.41395348837,0.00403100775194,62.0570542636,0
0.90523319512,130.870697674,0.951800740068,0.1393797689,0.952689530942,1.28403100775,0.951317829457,2.50542635659,-0.0077519379845,1.59720930233,0
0.961968054804,50.3869767442,0.98084434772,0.0603393619769,0.981238821719,0.505426356589,0.980775193798,0.976124031008,0.0285271317829,1.00713178295,0
0.998760459107,1.5503875969,0.999380092924,0.00225839349607,0.999392004864,0.015503875969,0.999379844961,0.031007751938,-0.015503875969,0.0,0
0.939682278709,79.4731782946,0.969685851392,0.0897820598813,0.970290729286,0.803875968992,0.969302325581,1.54573643411,0.0237209302326,1.58139534884,0
0.963222787092,46.6871317829,0.98171260163,0.0531966448467,0.982060712826,0.477519379845,0.981395348837,0.924031007752,0.0077519379845,0.77519379845,0
0.731324992488,129.990697674,0.900954229946,0.447328465456,0.90683546268,6.53364341085,0.85488372093,2.66108527132,0.0862015503876,289.160930233,0
0.978423027462,25.5134883721,0.989510048425,0.0381797355973,0.989849608822,0.33007751938,0.989147286822,0.489612403101,0.00077519379845,4.89519379845,0
1.0,0.0,1.0,-0.0,1.0,0.0,1.0,0.0,0.0,0.0,0
0.852529631633,110.746046512,0.945163430849,0.218709280088,0.946881272042,2.85550387597,0.923100775194,2.18790697674,0.0316279069767,90.8334883721,0
0.815099381047,117.650852713,0.941400736364,0.251381994228,0.942665595346,3.79379844961,0.902325581395,2.35782945736,0.0396899224806,134.264496124,0
0.640571984857,214.578604651,0.856495885175,0.617120048507,0.865071286024,9.02294573643,0.8,4.19720930233,-0.00496124031008,392.135193798,0
0.727958656331,152.551007752,0.90792265302,0.429912070792,0.912123403174,6.45782945736,0.852713178295,2.99627906977,0.062480620155,273.654573643,0
0.431117264587,228.279379845,0.834210828565,0.856712892189,0.840848408823,16.3279069767,0.653333333333,4.64527131783,0.139379844961,767.87503876,0
0.881251751698,175.134573643,0.938626507203,0.17739499654,0.939739657372,1.63612403101,0.938604651163,3.27224806202,-0.0327131782946,0.0,0
0.892839132264,117.952248062,0.950312615807,0.170093878756,0.95169257101,1.77085271318,0.94480620155,2.27224806202,0.031007751938,34.0930232558,0
0.998760266811,1.87596899225,0.999380049903,0.0024450787647,0.999390919158,0.0170542635659,0.999379844961,0.0341085271318,0.0,0.0,0
0.983331578631,22.64,0.991692821039,0.0304970563782,0.991881133429,0.229457364341,0.991627906977,0.427286821705,6.93889390391e-18,0.838139534884,0
0.828760290848,246.627596899,0.911047911673,0.249359740874,0.912850952248,2.47720930233,0.91007751938,4.62759689922,-0.00186046511628,9.16930232558,0
0.670724788174,406.08744186,0.841525197092,0.460608427176,0.845235670881,5.77302325581,0.817674418605,7.73209302326,0.0527131782946,103.07751938,0
0.530673012439,495.176124031,0.772284916468,0.632247854861,0.779544117469,9.34341085271,0.72496124031,9.71565891473,-0.0401550387597,233.022015504,0
0.847080151433,82.6744186047,0.940417872541,0.273861637475,0.944076798122,3.55302325581,0.920310077519,1.6703875969,0.06,153.812713178,0
0.793412222823,74.063255814,0.94208852316,0.334221172937,0.944774174823,5.09147286822,0.890542635659,1.50511627907,-0.00403100775194,234.119069767,0
0.892151865873,58.6248062016,0.960679227792,0.189149134564,0.963019277798,2.41906976744,0.944496124031,1.17426356589,-0.0643410852713,101.339534884,0
0.828662219819,114.413953488,0.937856363927,0.267346742495,0.940173722462,3.5607751938,0.91007751938,2.27317829457,-0.0398449612403,128.631937984,0
0.993809218196,4.22573643411,0.997184346695,0.0120370362169,0.997388543969,0.128682170543,0.996899224806,0.0849612403101,-0.0077519379845,5.04930232558,0
0.96375640887,19.5342635659,0.987824125093,0.0679978460698,0.9884060085,0.800310077519,0.981705426357,0.386356589147,0.046511627907,33.8834108527,0
0.490488504297,374.776434109,0.805668769433,0.733893774,0.811343361613,12.199379845,0.697054263566,7.39286821705,0.0551937984496,454.510697674,0
0.81474786371,213.44,0.911069014964,0.252688868012,0.913248129946,2.93581395349,0.902015503876,4.18046511628,-0.0474418604651,43.7302325581,0
0.626302265489,113.765271318,0.873058288989,0.593109107994,0.881664738925,9.98682170543,0.790697674419,2.46480620155,-0.36015503876,473.537674419,0
0.16459347395,624.68372093,0.568546416899,1.34421581379,0.593446739119,25.7458914729,0.393488372093,12.632248062,0.100310077519,1043.75782946,0
0.85555906496,120.71627907,0.942592068119,0.203924888185,0.944169648926,2.64,0.924651162791,2.4080620155,0.0480620155039,74.2973643411,0
0.852529631633,110.746046512,0.945163430849,0.218709280088,0.946881272042,2.85550387597,0.923100775194,2.18790697674,0.0316279069767,90.8334883721,0
0.949205552551,19.2694573643,0.980130739069,0.0955629659704,0.981878591758,1.26108527132,0.974263565891,0.40496124031,-0.146356589147,61.2831007752,0
0.107227498347,978.92744186,0.409969738036,1.69927746783,0.447326286819,28.7440310078,0.317829457364,19.0508527132,0.0395348837209,1108.08899225,0
0.317578703203,230.408682171,0.817379009982,0.903143732325,0.825493225038,22.7879069767,0.544496124031,4.80930232558,0.41023255814,1162.0896124,0
0.915769677303,86.9051162791,0.961846776123,0.136242348768,0.963155923289,1.41565891473,0.956899224806,1.67968992248,-0.0237209302326,30.5575193798,0
0.765249107626,191.91255814,0.90161735431,0.362674415478,0.905598258088,4.7119379845,0.874418604651,3.75813953488,-0.0241860465116,150.210232558,0
0.960745435971,18.0589147287,0.989181112734,0.063282691435,0.98944135042,0.827596899225,0.98015503876,0.366511627907,0.0396899224806,33.0542635659,0
0.90523319512,130.870697674,0.951800740068,0.1393797689,0.952689530942,1.28403100775,0.951317829457,2.50542635659,-0.0077519379845,1.59720930233,0
0.91639887026,117.881550388,0.957379799702,0.127432595746,0.95815873569,1.13302325581,0.957209302326,2.23503875969,0.00744186046512,0.790697674419,0
0.956477807824,20.2641860465,0.984784647203,0.0785498947237,0.98587646521,1.06697674419,0.977984496124,0.417364341085,0.0170542635659,51.9035658915,0
0.147248362478,834.99875969,0.463597905194,1.5800965481,0.498993567889,26.2013953488,0.376124031008,16.5888372093,-0.179069767442,1018.47255814,0
0.857485487651,91.2089922481,0.948503031364,0.229151099393,0.950775027481,3.03178294574,0.925891472868,1.77581395349,0.0643410852713,114.320310078,0
0.916479634637,100.545736434,0.958854688896,0.121265724608,0.959844277306,1.2080620155,0.957209302326,1.97271317829,0.0474418604651,11.7187596899,0
0.57812304549,412.721860465,0.805787921246,0.559942808826,0.811449430192,8.38790697674,0.757209302326,8.16620155039,-0.026976744186,223.812713178,0
0.916479634637,100.545736434,0.958854688896,0.121265724608,0.959844277306,1.2080620155,0.957209302326,1.97271317829,0.0474418604651,11.7187596899,0
0.720145856619,79.2446511628,0.93225705297,0.417253462003,0.934370567899,7.28899224806,0.848062015504,1.60930232558,-0.0666666666667,347.687751938,0
0.993812102638,6.97674418605,0.997210418158,0.0103933059857,0.997264021888,0.0852713178295,0.996899224806,0.139534883721,0.0077519379845,0.77519379845,0
0.993812102638,6.97674418605,0.997210418158,0.0103933059857,0.997264021888,0.0852713178295,0.996899224806,0.139534883721,0.0077519379845,0.77519379845,0
0.558562297939,412.315348837,0.796310621367,0.607236720549,0.803689764807,9.10930232558,0.744496124031,8.16527131783,0.133798449612,263.399069767,0
0.885153632594,56.3913178295,0.960440678111,0.19917141719,0.962761617406,2.61457364341,0.940775193798,1.13736434109,0.0899224806202,112.368992248,0
0.679758283757,286.659224806,0.85663214711,0.467921159861,0.862479719677,6.38263565891,0.823565891473,5.64527131783,-0.163410852713,187.306976744,0
0.838115113274,86.2133333333,0.936420165937,0.267866714449,0.9404998663,3.6176744186,0.915348837209,1.78356589147,0.0986046511628,149.114418605,0
0.838115113274,86.2133333333,0.936420165937,0.267866714449,0.9404998663,3.6176744186,0.915348837209,1.78356589147,0.0986046511628,149.114418605,0
0.748766828917,137.148527132,0.91765783955,0.377527371814,0.920867910478,5.67813953488,0.86480620155,2.7423255814,0.00434108527132,226.92372093,0
0.960744282195,46.5271317829,0.981751149089,0.0657934368919,0.982149278383,0.586976744186,0.98015503876,0.893023255814,0.024496124031,7.27441860465,0
0.737474815215,256.386976744,0.882841125238,0.341924112947,0.886093704873,4.72496124031,0.857364341085,5.09271317829,0.167131782946,112.373023256,0
0.874749642449,72.823875969,0.954263326533,0.208612250997,0.956466871826,2.68046511628,0.93519379845,1.45891472868,0.0165891472868,104.302325581,0
0.622641908539,226.927131783,0.86461119929,0.613839976077,0.871067171365,9.41457364341,0.788527131783,4.29643410853,-0.215813953488,398.526821705,0
0.81474786371,213.44,0.911069014964,0.252688868012,0.913248129946,2.93581395349,0.902015503876,4.18046511628,-0.0474418604651,43.7302325581,0
0.783288792741,119.04496124,0.929231430309,0.332118117895,0.932362482618,4.83689922481,0.884651162791,2.38387596899,0.0390697674419,192.899224806,0
0.807196971336,129.734573643,0.931672073463,0.270660419292,0.933844776792,3.91658914729,0.897984496124,2.6015503876,0.0716279069767,135.110387597,0
0.958955543537,39.8942635659,0.982839687985,0.062916876519,0.983220272697,0.661550387597,0.979224806202,0.790387596899,0.00046511627907,13.7051162791,0
0.818299188751,90.3534883721,0.947269895678,0.251353929379,0.948446837157,3.98604651163,0.904186046512,1.83007751938,0.0722480620155,158.653333333,0
0.815099381047,117.650852713,0.941400736364,0.251381994228,0.942665595346,3.79379844961,0.902325581395,2.35782945736,0.0396899224806,134.264496124,0
0.931868902109,81.367751938,0.966828936723,0.104790681875,0.967694584677,0.998294573643,0.965271317829,1.58728682171,-0.0875968992248,10.7854263566,0
0.853560146626,75.7996899225,0.952191866848,0.227140814626,0.954235884562,3.19472868217,0.923720930233,1.52248062016,0.0883720930233,127.278139535,0
0.992574869299,6.23689922481,0.996993235101,0.0134773887615,0.997128626048,0.125581395349,0.996279069767,0.125891472868,0.015503875969,3.2415503876,0
0.854963139234,151.041860465,0.937473450392,0.215141195271,0.939048878646,2.50697674419,0.924341085271,2.92589147287,-0.00434108527132,57.2815503876,0
1.0,0.0,1.0,-0.0,1.0,0.0,1.0,0.0,0.0,0.0,0
0.715032894658,140.047131783,0.918979046877,0.426633944563,0.921812553115,6.80093023256,0.84496124031,2.75100775194,-0.0409302325581,288.255193798,0
0.942622102037,64.479379845,0.974956189686,0.0942478803784,0.975438743785,0.922480620155,0.970852713178,1.22046511628,-2.60208521397e-17,16.0973643411,0
0.910991887507,86.1643410853,0.963093292183,0.15252310128,0.964318211039,1.65519379845,0.954418604651,1.61736434109,0.0151937984496,46.5528682171,0
0.896352959558,112.653333333,0.952446820343,0.163461181066,0.953710751353,1.70093023256,0.946666666667,2.17023255814,0.0875968992248,32.2917829457,0
0.863526086173,111.769922481,0.946685861192,0.199378642536,0.948226179013,2.56589147287,0.928992248062,2.19410852713,0.109457364341,76.383875969,0
0.37490660417,307.824806202,0.814176871326,0.885755001884,0.81999581403,18.036124031,0.60496124031,6.12186046512,0.0231007751938,816.47379845,0
0.867754293612,90.6551937984,0.948505381944,0.22824963905,0.951290954791,2.80759689922,0.931472868217,1.76031007752,0.0537984496124,105.064806202,0
0.879353404243,113.188527132,0.949383302051,0.203533040793,0.951214081088,2.29503875969,0.937674418605,2.13426356589,0.0165891472868,66.9913178295,0
0.493355639685,159.272868217,0.862173255994,0.825250797932,0.869106234492,15.0218604651,0.701085271318,3.20713178295,0.0506976744186,757.410542636,0
0.764811057028,170.125581395,0.912685638649,0.367191078301,0.91643160627,5.34775193798,0.874108527132,3.29457364341,-0.0153488372093,216.584496124,0
0.866006898624,97.1658914729,0.945522797337,0.239065833834,0.948838449802,2.96992248062,0.930542635659,1.86170542636,-0.0440310077519,118.145116279,0
0.769435971396,236.818604651,0.893000518342,0.333578235424,0.896816740005,4.07751937984,0.876589147287,4.65054263566,-0.0151937984496,92.959379845,0
0.624778703203,165.731782946,0.876501172791,0.609705967211,0.882605790427,9.80480620155,0.78976744186,3.32620155039,-0.0243410852713,451.921550388,0
0.897527504357,69.5984496124,0.960436260955,0.164551198717,0.962027699651,2.04852713178,0.947286821705,1.39441860465,0.0187596899225,71.9420155039,0
0.972908551169,28.2958139535,0.988561446523,0.0503679259085,0.988856968697,0.482790697674,0.986356589147,0.524651162791,0.062015503876,12.2893023256,0
0.954657148008,22.4604651163,0.982653054267,0.0828586587824,0.983978565284,1.13720930233,0.977054263566,0.457364341085,-0.0382945736434,56.383875969,0
0.968023075536,36.7565891473,0.98523398662,0.0590487453299,0.985688571643,0.544186046512,0.983875968992,0.688372093023,0.0176744186047,11.6703875969,0
0.955866883,45.3705426357,0.979818485495,0.080044398913,0.98077798451,0.852403100775,0.977674418605,0.841550387597,-0.00899224806202,25.9584496124,0
0.670167513972,135.330232558,0.891464192024,0.508531649634,0.897255973004,8.22635658915,0.817984496124,2.79937984496,0.00992248062016,367.615813953,0
0.978452833363,23.4474418605,0.990701366594,0.0317204906178,0.990879397409,0.311007751938,0.989147286822,0.466976744186,0.015503875969,3.87596899225,0
0.969245309777,18.5848062016,0.988597363639,0.0560044727329,0.989124286398,0.639379844961,0.984496124031,0.37519379845,0.0589147286822,25.1621705426,0
0.998760266811,1.5503875969,0.999380092924,0.0024450787647,0.999392004864,0.015503875969,0.999379844961,0.031007751938,0.0,0.0,0
0.902881605673,72.2756589147,0.965362388747,0.144747708625,0.96631126218,1.8311627907,0.95007751938,1.43472868217,0.0634108527132,57.1382945736,0
