ASM;Contrast;IDM;Entropy;Homogeneity;Sum Mean;Maximum Probability;Dissimilarity;Difference mean;Autocorrelation;Class
0.718483841115;167.824.806.202;0.885131662766;0.488888033012;0.892470602228;681.813.953.488;0.847441860465;327.162.790.698;-0.0773643410853;29.195.627.907;1
0.503199278889;193.217.674.419;0.815847704001;0.849199110368;0.82893278791;141.359.689.922;0.708527131783;398.914.728.682;-0.0770542635659;682.605.271.318;1
0.857481449432;101.301.705.426;0.94515867551;0.232983660343;0.947613609134;291.441.860.465;0.925891472868;198.325.581.395;-0.0415503875969;102.298.604.651;1
0.840309789075;823.004.651.163;0.940856196941;0.272156562266;0.94458840359;366.248.062.016;0.916589147287;166.418.604.651;-0.0497674418605;15.623.379.845;1
0.718483841115;167.824.806.202;0.885131662766;0.488888033012;0.892470602228;681.813.953.488;0.847441860465;327.162.790.698;-0.0773643410853;29.195.627.907;1
0.857481449432;101.301.705.426;0.94515867551;0.232983660343;0.947613609134;291.441.860.465;0.925891472868;198.325.581.395;-0.0415503875969;102.298.604.651;1
0.501464960038;135.793.488.372;0.835275590916;0.850666041959;0.847180340349;151.733.333.333;0.707286821705;284.527.131.783;-0.00093023255814;788.526.821.705;1
0.609714416201;172.543.565.891;0.850386467381;0.677936187315;0.861125424304;104.978.294.574;0.780465116279;347.379.844.961;-0.0987596899225;496.222.325.581;1
0.503199278889;193.217.674.419;0.815847704001;0.849199110368;0.82893278791;141.359.689.922;0.708527131783;398.914.728.682;-0.0770542635659;682.605.271.318;1
0.676044083889;94.903.875.969;0.87531153082;0.569583362982;0.887098156779;911.178.294.574;0.822015503876;204.186.046.512;-0.107751937984;465.836.899.225;1
0.449496160087;267.566.511.628;0.788514605766;0.889683262115;0.800664877355;153.764.341.085;0.668527131783;550.325.581.395;-0.225736434109;712.390.077.519;1
0.344034805601;304.148.527.132;0.752383514917;105.794.699.326;0.766212646858;194.103.875.969;0.583255813953;624.341.085.271;-0.122635658915;898.622.945.736;1
0.720781972237;117.104.806.202;0.900246581681;0.457900404378;0.906804481324;691.302.325.581;0.848682170543;241.953.488.372;-0.0764341085271;311.737.054.264;1
0.677098059011;250.283.410.853;0.863054802636;0.521120885491;0.869813305969;708.775.193.798;0.822325581395;487.255.813.953;0.0077519379845;253.462.325.581;1
0.649675283937;199.388.217.054;0.868823085573;0.58068315407;0.875740264378;864.511.627.907;0.805581395349;390.294.573.643;-0.142790697674;371.189.767.442;1
0.83524182441;102.402.170.543;0.932821189565;0.278572547409;0.936971698105;359.612.403.101;0.913798449612;205.984.496.124;-0.053488372093;141.722.170.543;1
0.503199278889;193.217.674.419;0.815847704001;0.849199110368;0.82893278791;141.359.689.922;0.708527131783;398.914.728.682;-0.0770542635659;682.605.271.318;1
0.720781972237;117.104.806.202;0.900246581681;0.457900404378;0.906804481324;691.302.325.581;0.848682170543;241.953.488.372;-0.0764341085271;311.737.054.264;1
0.65268106484;170.889.922.481;0.872106409582;0.577681934838;0.879883824307;870.790.697.674;0.807441860465;344.930.232.558;-0.0561240310078;385.471.627.907;1
0.783580313683;124.976.434.109;0.91961442919;0.350998071626;0.923665074293;488.015.503.876;0.88496124031;251.503.875.969;-0.0804651162791;197.786.976.744;1
0.644583089959;135.298.294.574;0.877437247888;0.597061777933;0.885753630175;944.449.612.403;0.802480620155;275.131.782.946;-0.12511627907;447.349.147.287;1
0.852868072832;110.970.232.558;0.943950579567;0.243307295432;0.946042749798;301.224.806.202;0.923410852713;212.744.186.047;-0.0590697674419;103.625.426.357;1
0.816805047774;11.604.124.031;0.932246569429;0.288002794012;0.935126575074;391.271.317.829;0.903565891473;229.302.325.581;-0.082015503876;146.369.922.481;1
0.542984003365;128.758.449.612;0.877251405052;0.73279464191;0.882996634528;137.621.705.426;0.735813953488;255.813.953.488;-0.13488372093;718.964.031.008;1
0.435052220419;125.280.310.078;0.854379234784;0.905703059305;0.862208349465;183.694.573.643;0.657674418605;259.627.906.977;-0.20480620155;994.011.162.791;1
0.713367802416;202.220.155.039;0.876140842432;0.489232548228;0.883703602992;65.696.124.031;0.844341085271;393.674.418.605;-0.0589147286822;257.829.147.287;1
0.591113610961;125.472.248.062;0.864945338638;0.698722204662;0.874072676968;117.454.263.566;0.768372093023;260.279.069.767;-0.124651162791;596.545.426.357;1
0.497510582297;938.930.232.558;0.860962923246;0.82981614994;0.870595985097;156.134.883.721;0.704186046512;202.697.674.419;-0.0860465116279;827.011.162.791;1
0.613117096328;748.886.821.705;0.907009272647;0.628088367225;0.911997337423;113.302.325.581;0.782325581395;155.348.837.209;-0.10480620155;59.043.627.907;1
0.389519572141;307.512.868.217;0.7630776238;0.986692560767;0.775659078733;175.009.302.326;0.621395348837;629.364.341.085;-0.206046511628;806.660.775.194;1
0.586451198846;547.984.496.124;0.908090823088;0.640016391689;0.913377283367;131.790.697.674;0.764651162791;114.511.627.907;-0.126046511628;739.831.007.752;1
0.777994687819;174.551.937.984;0.901758900987;0.374380838956;0.907492654548;472.186.046.512;0.881860465116;338.480.620.155;-0.0756589147287;168.093.643.411;1
0.417924403582;280.0;0.792358326746;0.920889443744;0.802005663102;165.472.868.217;0.644031007752;570.294.573.643;-0.196589147287;768.099.844.961;1
0.645160362959;534.015.503.876;0.919407196977;0.54850173176;0.923648169231;107.968.992.248;0.802480620155;112.186.046.512;-0.139224806202;592.272.868.217;1
0.764884514152;174.735.193.798;0.89554014724;0.409361269772;0.902103784317;523.302.325.581;0.874418604651;33.919.379.845;-0.0916279069767;200.087.751.938;1
0.699793810468;200.159.689.922;0.867793889862;0.509797520886;0.876808967283;696.635.658.915;0.836279069767;394.511.627.907;-0.152093023256;277.218.294.574;1
0.550973715522;803.017.054.264;0.894845205802;0.682942594555;0.900296260296;145.266.666.667;0.740775193798;161.147.286.822;-0.103720930233;816.029.457.364;1
0.714454467881;236.940.465.116;0.866544551487;0.480651828414;0.874038097305;615.829.457.364;0.84496124031;459.875.968.992;-0.111782945736;215.449.922.481;1
0.449496160087;267.566.511.628;0.788514605766;0.889683262115;0.800664877355;153.764.341.085;0.668527131783;550.325.581.395;-0.225736434109;712.390.077.519;1
0.724390601526;206.356.899.225;0.879194631883;0.465726661125;0.886196471737;612.263.565.891;0.850852713178;400.527.131.783;-0.129147286822;22.879.379.845;1
0.413939258458;258.828.217.054;0.788416066323;0.940830955232;0.799765114484;170.472.868.217;0.641240310078;531.007.751.938;-0.184031007752;812.535.193.798;1
0.457885079022;259.421.085.271;0.804851135009;0.861094682039;0.814256124929;150.187.596.899;0.674728682171;530.325.581.395;-0.214418604651;691.491.472.868;1
0.526290775795;295.024.806.202;0.806039554281;0.802868005625;0.818322763496;122.854.263.566;0.724651162791;573.488.372.093;-0.0333333333333;524.376.434.109;1
0.508262243856;238.659.224.806;0.82620076715;0.76396527728;0.83415029142;13.056.744.186;0.711317829457;485.271.317.829;-0.225736434109;582.591.007.752;1
0.344034805601;304.148.527.132;0.752383514917;105.794.699.326;0.766212646858;194.103.875.969;0.583255813953;624.341.085.271;-0.122635658915;898.622.945.736;1
0.703899140677;230.497.984.496;0.875807008964;0.506840121893;0.882603186762;729.860.465.116;0.838759689922;426.294.573.643;-0.101395348837;311.629.147.287;1
0.876997007391;698.114.728.682;0.958964351165;0.214339708816;0.961091318363;302.015.503.876;0.936434108527;132.341.085.271;-0.150697674419;140.777.984.496;1
0.807815395709;155.015.503.876;0.919472572997;0.314703339766;0.923265766152;390.093.023.256;0.898604651163;301.240.310.078;-0.0367441860465;130.226.046.512;1
0.800646018869;161.353.488.372;0.916525921649;0.321224066869;0.92045726996;404.325.581.395;0.894573643411;312.403.100.775;-0.0240310077519;133.04;1
0.694623544258;49.24;0.931745865735;0.488062984605;0.935776806542;90.376.744.186;0.832868217054;101.674.418.605;-0.151782945736;490.131.162.791;1
0.724390601526;206.356.899.225;0.879194631883;0.465726661125;0.886196471737;612.263.565.891;0.850852713178;400.527.131.783;-0.129147286822;22.879.379.845;1
0.764884514152;174.735.193.798;0.89554014724;0.409361269772;0.902103784317;523.302.325.581;0.874418604651;33.919.379.845;-0.0916279069767;200.087.751.938;1
0.714918286161;101.795.348.837;0.909300268846;0.478746727014;0.914818074257;752.930.232.558;0.845271317829;206.635.658.915;-0.113178294574;364.533.953.488;1
0.654461342467;230.077.209.302;0.861152252896;0.5651241771;0.87051875306;923.395.348.837;0.808062015504;433.457.364.341;-0.107441860465;43.343.751.938;1
0.647356192537;225.087.131.783;0.842126773833;0.624660551037;0.853730399552;911.162.790.698;0.804341085271;436.341.085.271;-0.104496124031;410.531.782.946;1
0.677154017186;195.531.162.791;0.865173639002;0.565659412083;0.875048926759;849.736.434.109;0.822635658915;376.558.139.535;-0.088992248062;397.826.976.744;1
0.561700570879;142.191.937.984;0.869037376663;0.712532359632;0.87667273448;12.435.503.876;0.748527131783;285.178.294.574;-0.157984496124;610.186.976.744;1
0.691409891233;118.493.643.411;0.883083086441;0.542601652355;0.892158362643;828.930.232.558;0.831317829457;245.643.410.853;-0.0973643410853;406.422.325.581;1
0.699793810468;200.159.689.922;0.867793889862;0.509797520886;0.876808967283;696.635.658.915;0.836279069767;394.511.627.907;-0.152093023256;277.218.294.574;1
0.661427269996;147.799.689.922;0.874574687653;0.59186806858;0.884115810628;926.728.682.171;0.813023255814;294.325.581.395;-0.106356589147;458.177.364.341;1
0.642925689562;180.2;0.860780105824;0.625540481735;0.870807968783;953.503.875.969;0.801550387597;356.558.139.535;-0.0978294573643;454.053.643.411;1
0.712759377441;189.268.217.054;0.88223066096;0.495628084471;0.889564022697;710.418.604.651;0.844031007752;363.224.806.202;-0.0877519379845;312.347.286.822;1
0.67863392825;179.103.565.891;0.869666424555;0.564030244003;0.878979648276;84.488.372.093;0.823565891473;346.139.534.884;-0.0807751937984;39.695.627.907;1
0.689536157683;108.643.410.853;0.896061066903;0.534994512742;0.903864100025;867.209.302.326;0.83007751938;222.542.635.659;-0.103100775194;445.175.193.798;1
0.714433123009;111.800.310.078;0.909450252926;0.458868838678;0.916008419335;810.635.658.915;0.844341085271;223.069.767.442;-0.108217054264;42.584.744.186;1
0.76140241572;110.379.534.884;0.915091063359;0.405633802747;0.921591404674;63.903.875.969;0.872248062016;218.790.697.674;-0.0905426356589;319.669.767.442;1
0.714741181419;144.500.775.194;0.895426082707;0.484530889859;0.902882854967;759.240.310.078;0.84496124031;283.503.875.969;-0.104651162791;369.539.534.884;1
0.406104344691;418.776.744.186;0.732580886881;0.993617959515;0.74868195128;164.751.937.984;0.634728682171;828.310.077.519;-0.0696124031008;727.244.651.163;1
0.627726987561;22.804.744.186;0.854454204773;0.633138715245;0.863745313983;994.186.046.512;0.791627906977;432.837.209.302;-0.0953488372093;463.743.255.814;1
0.595455080824;184.518.139.535;0.847214077034;0.69205526838;0.857916866981;107.623.255.814;0.771162790698;374.604.651.163;-0.121085271318;500.590.077.519;1
0.608958884682;206.664.496.124;0.843454364397;0.658796254651;0.853828157437;993.317.829.457;0.77984496124;414.666.666.667;-0.135968992248;43.611.379.845;1
0.800646018869;161.353.488.372;0.916525921649;0.321224066869;0.92045726996;404.325.581.395;0.894573643411;312.403.100.775;-0.0240310077519;133.04;1
0.730104873505;150.171.782.946;0.897225700737;0.458804982001;0.903635520688;644.589.147.287;0.854263565891;29.376.744.186;-0.115348837209;272.179.844.961;1
0.785609807103;135.534.883.721;0.916838820869;0.364823287009;0.921675803648;48.719.379.845;0.886201550388;264.124.031.008;-0.127131782946;19.668.248.062;1
0.719515509885;991.584.496.124;0.904135431279;0.488329709057;0.910751775859;760.713.178.295;0.848062015504;200.992.248.062;0.252093023256;380.009.922.481;1
0.63519153897;101.224.496.124;0.885065935307;0.618492862606;0.892755783013;102.392.248.062;0.796589147287;210.821.705.426;-0.188062015504;515.328.372.093;1
0.557994255153;18.208.248.062;0.839787438709;0.751672562827;0.851213932844;121.996.899.225;0.746356589147;369.302.325.581;-0.125891472868;582.844.031.008;1
0.781763884382;623.330.232.558;0.935446123923;0.375487020236;0.939856086516;595.286.821.705;0.884031007752;125.643.410.853;-0.117209302326;305.700.775.194;1
0.280236331951;380.109.147.287;0.717664642418;121.032.127.063;0.733634132554;227.184.496.124;0.524651162791;757.705.426.357;0.053023255814;108.138.976.744;1
0.379629204976;351.507.286.822;0.7523735942;10.439.790.012;0.7659921945;181.372.093.023;0.613953488372;699.317.829.457;-0.0277519379845;846.419.844.961;1
0.483169328766;216.8;0.809549781105;0.866256906079;0.821650203338;150.623.255.814;0.693953488372;445.209.302.326;-0.116589147287;744.688.372.093;1
0.586275632474;187.057.984.496;0.857304422825;0.66634697757;0.864959088687;10.967.751.938;0.76496124031;37.680.620.155;-0.139224806202;506.943.875.969;1
0.653334294814;189.911.937.984;0.876229006204;0.560246068652;0.882739775042;847.379.844.961;0.807751937984;374.573.643.411;-0.0939534883721;360.346.976.744;1
0.761864887927;112.776.744.186;0.920187333894;0.374906011803;0.923988327338;562.186.046.512;0.872558139535;226.015.503.876;-0.135658914729;240.680.930.233;1
0.583672135088;134.627.286.822;0.86818141943;0.699230141014;0.876531972874;118.370.542.636;0.763410852713;275.937.984.496;-0.105891472868;59.383.751.938;1
0.506465813353;152.136.434.109;0.842131255398;0.8230447847;0.851602082741;145.001.550.388;0.710697674419;317.209.302.326;-0.113798449612;728.982.635.659;1
0.665845081425;181.248.062.016;0.868459614186;0.561096018427;0.877973528417;910.217.054.264;0.81519379845;358.480.620.155;-0.126976744186;444.644.341.085;1
0.530328033171;210.611.162.791;0.830241593047;0.725212690944;0.840405158297;123.046.511.628;0.726821705426;43.023.255.814;-0.112403100775;542.653.643.411;1
0.671935100054;671.299.224.806;0.907367178204;0.52748825239;0.91394878351;919.131.782.946;0.819224806202;144.496.124.031;-9,32E-06;467.522.790.698;1
0.744851679587;553.823.255.814;0.936658346118;0.387905587504;0.939548280626;677.736.434.109;0.862635658915;116.403.100.775;-0.136744186047;334.008.372.093;1
0.581507457485;103.173.333.333;0.881613186846;0.680068817276;0.888161071145;121.100.775.194;0.761860465116;213.209.302.326;-0.165581395349;61.719.503.876;1
0.524512036536;101.794.728.682;0.864873378401;0.76741993492;0.873355788394;144.443.410.853;0.723100775194;213.519.379.845;-0.152558139535;755.455.503.876;1
0.75248372093;195.527.751.938;0.898920171569;0.389057840914;0.903249294652;521.658.914.729;0.866976744186;381.612.403.101;-0.0562790697674;182.899.534.884;1
0.749191034193;216.12;0.895656650036;0.395124191902;0.899389995578;514.496.124.031;0.86511627907;418.139.534.884;-0.0888372093023;169.365.891.473;1
0.658697049456;272.898.604.651;0.865127799754;0.506203077162;0.869617959989;744.868.217.054;0.810542635659;531.100.775.194;-0.12496124031;26.344.248.062;1
0.844889513851;730.874.418.605;0.947685674063;0.25700715569;0.950576954368;35.607.751.938;0.919069767442;148.372.093.023;-0.0500775193798;152.314.108.527;1
0.857481449432;101.301.705.426;0.94515867551;0.232983660343;0.947613609134;291.441.860.465;0.925891472868;198.325.581.395;-0.0415503875969;102.298.604.651;1
0.790582585181;497.339.534.884;0.944014856333;0.353665256758;0.947438593227;559.317.829.457;0.888992248062;104.310.077.519;-0.0601550387597;282.586.976.744;1
0.762752719188;131.779.534.884;0.908848912637;0.403668972947;0.914588468927;555.984.496.124;0.873178294574;262.480.620.155;-0.0851162790698;233.599.069.767;1
0.741725713599;941.407.751.938;0.908492733424;0.446974284845;0.914991876462;668.775.193.798;0.861085271318;193.550.387.597;-0.133023255814;319.091.472.868;1
0.79716430503;102.938.914.729;0.92606723759;0.347328845214;0.930140633372;479.224.806.202;0.892713178295;205.829.457.364;-0.0942635658915;207.865.116.279;1
0.58131112313;169.854.573.643;0.86045196756;0.676121488219;0.868530851238;111.065.116.279;0.761550387597;343.410.852.713;-0.125426356589;509.545.116.279;1
0.457885079022;259.421.085.271;0.804851135009;0.861094682039;0.814256124929;150.187.596.899;0.674728682171;530.325.581.395;-0.214418604651;691.491.472.868;1
0.508262243856;238.659.224.806;0.82620076715;0.76396527728;0.83415029142;13.056.744.186;0.711317829457;485.271.317.829;-0.225736434109;582.591.007.752;1
0.344034805601;304.148.527.132;0.752383514917;105.794.699.326;0.766212646858;194.103.875.969;0.583255813953;624.341.085.271;-0.122635658915;898.622.945.736;1
0.746815215432;615.246.511.628;0.927393028355;0.401598359657;0.931697798101;668.325.581.395;0.863875968992;132.124.031.008;-0.093488372093;328.742.945.736;1
0.816805047774;11.604.124.031;0.932246569429;0.288002794012;0.935126575074;391.271.317.829;0.903565891473;229.302.325.581;-0.082015503876;146.369.922.481;1
0.383538970014;157.941.705.426;0.819523883422;101.038.327.651;0.831803831553;207.689.922.481;0.61519379845;32.384.496.124;0.0254263565891;112.889.705.426;1
0.5418177273;137.033.488.372;0.863037097787;0.758735994087;0.871752506801;134.147.286.822;0.73519379845;275.317.829.457;0.0503875968992;678.200.310.078;1
0.591073805661;276.587.906.977;0.822711224613;0.679931819124;0.833298294822;983.968.992.248;0.768062015504;549.829.457.364;-0.118449612403;395.815.813.953;1
0.650677339102;191.224.806.202;0.864997696422;0.588289278763;0.873047185527;875.069.767.442;0.806201550388;38.288.372.093;-0.144186046512;386.512.248.062;1
0.527806453939;223.394.418.605;0.811615000054;0.825680699884;0.825549970411;131.778.294.574;0.725891472868;45.007.751.938;-0.0897674418605;62.767.751.938;1
0.616931097891;24.660.496.124;0.830931462918;0.676509453404;0.842612840388;97.384.496.124;0.78511627907;483.937.984.496;-0.128217054264;425.777.674.419;1
0.666971359894;230.461.085.271;0.856291324071;0.580950515634;0.865570107767;823.364.341.085;0.816434108527;441.209.302.326;-0.163255813953;352.222.945.736;1
0.657412703563;23.455.751.938;0.846734888506;0.601088881481;0.856908395825;837.643.410.853;0.810542635659;456.620.155.039;-0.0635658914729;351.679.069.767;1
0.632704957635;237.648.062.016;0.843176199062;0.634498786512;0.853191787309;910.930.232.558;0.79503875969;463.906.976.744;-0.0389147286822;387.629.147.287;1
0.812278781323;977.739.534.884;0.936246529543;0.306059231095;0.939364291083;428.046.511.628;0.901085271318;195.007.751.938;-0.0482170542636;17.832.124.031;1
0.734589411694;120.552.248.062;0.911769243281;0.426110276538;0.916305240442;639.891.472.868;0.856744186047;242.821.705.426;-0.0407751937984;278.729.922.481;1
0.618457160026;176.107.906.977;0.869852281376;0.617938379799;0.877095503216;973.550.387.597;0.785736434109;35.392.248.062;-0.00341085271318;432.508.217.054;1
0.677098059011;250.283.410.853;0.863054802636;0.521120885491;0.869813305969;708.775.193.798;0.822325581395;487.255.813.953;0.0077519379845;253.462.325.581;1
0.65268106484;170.889.922.481;0.872106409582;0.577681934838;0.879883824307;870.790.697.674;0.807441860465;344.930.232.558;-0.0561240310078;385.471.627.907;1
0.650048146145;276.311.627.907;0.853277082383;0.558092718314;0.859806896599;775.054.263.566;0.805581395349;535.348.837.209;0.0255813953488;276.137.674.419;1
0.670902469803;916.911.627.907;0.896686785875;0.522867052713;0.903927338071;885.488.372.093;0.818604651163;193.736.434.109;-1,94E-06;431.191.627.907;1
0.744610540232;127.212.403.101;0.906842911056;0.417630699754;0.912361956418;604.124.031.008;0.862635658915;256.744.186.047;-0.0908527131783;257.459.534.884;1
0.618893672255;104.582.015.504;0.870313655519;0.661399967689;0.88138372263;111.787.596.899;0.786356589147;224.403.100.775;0.091007751938;589.349.147.287;1
0.542984003365;128.758.449.612;0.877251405052;0.73279464191;0.882996634528;137.621.705.426;0.735813953488;255.813.953.488;-0.13488372093;718.964.031.008;1
0.435052220419;125.280.310.078;0.854379234784;0.905703059305;0.862208349465;183.694.573.643;0.657674418605;259.627.906.977;-0.20480620155;994.011.162.791;1
0.424716495403;223.723.100.775;0.797343103093;0.97427217787;0.811180975466;176.013.953.488;0.65023255814;438.604.651.163;-0.0680620155039;876.139.534.884;1
0.561700570879;142.191.937.984;0.869037376663;0.712532359632;0.87667273448;12.435.503.876;0.748527131783;285.178.294.574;-0.157984496124;610.186.976.744;1
0.772582320774;612.127.131.783;0.93635750598;0.381810888209;0.940562386005;617.069.767.442;0.878759689922;124.930.232.558;-0.121705426357;313.417.054.264;1
0.783580313683;124.976.434.109;0.91961442919;0.350998071626;0.923665074293;488.015.503.876;0.88496124031;251.503.875.969;-0.0804651162791;197.786.976.744;1
0.509833303287;10.611.255.814;0.866843224232;0.803048948935;0.874974209731;149.201.550.388;0.712868217054;219.255.813.953;-0.105581395349;774.134.883.721;1
0.497510582297;938.930.232.558;0.860962923246;0.82981614994;0.870595985097;156.134.883.721;0.704186046512;202.697.674.419;-0.0860465116279;827.011.162.791;1
0.613117096328;748.886.821.705;0.907009272647;0.628088367225;0.911997337423;113.302.325.581;0.782325581395;155.348.837.209;-0.10480620155;59.043.627.907;1
0.586451198846;547.984.496.124;0.908090823088;0.640016391689;0.913377283367;131.790.697.674;0.764651162791;114.511.627.907;-0.126046511628;739.831.007.752;1
0.645160362959;534.015.503.876;0.919407196977;0.54850173176;0.923648169231;107.968.992.248;0.802480620155;112.186.046.512;-0.139224806202;592.272.868.217;1
0.644273877772;688.449.612.403;0.915896898849;0.551023132075;0.920146416956;109.306.976.744;0.801860465116;137.891.472.868;-0.114263565891;604.726.511.628;1
0.550973715522;803.017.054.264;0.894845205802;0.682942594555;0.900296260296;145.266.666.667;0.740775193798;161.147.286.822;-0.103720930233;816.029.457.364;1
0.479150531819;681.764.341.085;0.883420873441;0.786682542439;0.890554098915;176.618.604.651;0.689612403101;145.395.348.837;-0.148372093023;100.728.930.233;1
0.644583089959;135.298.294.574;0.877437247888;0.597061777933;0.885753630175;944.449.612.403;0.802480620155;275.131.782.946;-0.12511627907;447.349.147.287;1
0.696538429181;116.621.395.349;0.903647576529;0.473323828066;0.909013228801;759.472.868.217;0.834108527132;238.697.674.419;-0.150387596899;342.438.449.612;1
0.700780674238;110.132.713.178;0.907168589503;0.461258939637;0.911969010352;750.201.550.388;0.836589147287;22.784.496.124;-0.141085271318;34.064.372.093;1
0.657106183523;165.135.193.798;0.884394160731;0.540096956227;0.890001667774;847.426.356.589;0.80992248062;334.790.697.674;-0.137209302326;370.515.968.992;1
0.639309945316;184.488.682.171;0.872052559606;0.568229822253;0.878301956252;890.015.503.876;0.798759689922;374.759.689.922;-0.105426356589;38.547.255.814;1
0.613107673818;139.926.511.628;0.881500311466;0.600001478952;0.887381692501;101.936.434.109;0.782015503876;290.697.674.419;-0.0857364341085;476.069.457.364;1
0.502969869599;202.764.651.163;0.854693592664;0.794467248696;0.860979799895;139.618.604.651;0.707906976744;398.139.534.884;-0.0651162790698;660.778.604.651;1
0.563312397092;100.776.434.109;0.877591396755;0.712770581208;0.884677110139;131.482.170.543;0.74976744186;212.589.147.287;-0.126201550388;696.729.302.326;1
0.518369905655;159.757.209.302;0.850596099008;0.770974441626;0.858904301103;138.981.395.349;0.718759689922;32.976.744.186;-0.091007751938;689.696.124.031;1
0.564064851872;919.237.209.302;0.882975330916;0.697875768851;0.889484088644;130.139.534.884;0.75007751938;192.186.046.512;-0.171162790698;67.984.248.062;1
0.53681418184;969.094.573.643;0.874962511273;0.754750771198;0.882265872059;140.299.224.806;0.731782945736;202.945.736.434;-0.185581395349;737.814.573.643;1
0.67174318851;188.754.728.682;0.869270633117;0.546628849376;0.877254693114;794.976.744.186;0.819224806202;375.069.767.442;0.0809302325581;336.368.062.016;1
0.78695164954;142.707.286.822;0.922593192904;0.330270469009;0.925959024938;451.612.403.101;0.886821705426;281.395.348.837;0.0882170542636;164.300.775.194;1
0.396498383511;381.140.155.039;0.740072985167;101.608.048.018;0.756388916236;170.423.255.814;0.627596899225;757.426.356.589;0.146201550388;769.420.775.194;1
0.721345592212;103.464.806.202;0.911876311985;0.45529562335;0.917325613234;707.813.953.488;0.848992248062;213.705.426.357;0.0762790697674;330.170.542.636;1
0.746207944234;900.257.364.341;0.919694562423;0.417773222813;0.925701212088;717.596.899.225;0.863255813953;183.348.837.209;0.104031007752;380.719.689.922;1
0.679023904813;15.908.620.155;0.897769804997;0.478815368693;0.901754511325;768.108.527.132;0.823255813953;317.674.418.605;0.108062015504;322.149.147.287;1
0.667035971396;171.291.472.868;0.893766937986;0.485689615041;0.89730130335;7.9;0.815813953488;343.658.914.729;0.157054263566;326.986.666.667;1
0.72062255874;120.191.937.984;0.899846118714;0.487826719718;0.907270486678;771.085.271.318;0.848682170543;234.573.643.411;0.0767441860465;39.083.875.969;1
0.48190555856;192.693.643.411;0.819107904153;0.893458070316;0.831323069858;156.088.372.093;0.693333333333;382.790.697.674;0.162945736434;792.098.914.729;1
0.378226789255;460.381.085.271;0.727851093652;101.449.734.344;0.741870115843;165.948.837.209;0.611782945736;904.713.178.295;0.0761240310078;674.476.899.225;1
0.547590265008;122.990.077.519;0.862506040635;0.745783449565;0.871767806922;133.874.418.605;0.739224806202;251.131.782.946;0.134418604651;687.900.465.116;1
0.95406929872;429.968.992.248;0.979773885609;0.0782893545997;0.98058462472;0.79023255814;0.976744186047;0.846201550388;0.0311627906977;196.812.403.101;1
0.664707457485;113.681.860.465;0.893092878656;0.545639613933;0.899847324039;881.426.356.589;0.81488372093;23.392.248.062;0.170542635659;417.237.209.302;1
0.617032245658;103.115.348.837;0.910100188635;0.567551268534;0.9153460346;115.610.852.713;0.782635658915;204.682.170.543;0.110852713178;619.454.263.566;1
0.798524031008;131.796.899.225;0.923280309224;0.311639595445;0.926414329294;425.658.914.729;0.893333333333;26.384.496.124;0.0404651162791;156.186.356.589;1
0.482940496364;17.555.627.907;0.825711260608;0.871163296827;0.837178267912;155.641.860.465;0.693953488372;357.364.341.085;0.086976744186;793.404.341.085;1
0.64571321435;753.373.643.411;0.912509189606;0.557861090035;0.917661311601;101.865.116.279;0.802790697674;157.736.434.109;0.11519379845;531.171.162.791;1
0.826785986419;938.524.031.008;0.935830372523;0.284331930002;0.939510410277;385.488.372.093;0.909147286822;190.139.534.884;0.0815503875969;156.476.589.147;1
0.680913406646;105.956.899.225;0.899200978517;0.526282952783;0.905347269756;84.088.372.093;0.82480620155;220.558.139.535;0.153643410853;402.938.294.574;1
0.503085824169;169.186.356.589;0.822267795878;0.849250247216;0.8351817745;148.672.868.217;0.708527131783;350.263.565.891;0.190697674419;761.384.806.202;1
0.605635622859;103.311.937.984;0.899544627791;0.629685974688;0.904968638532;113.251.162.791;0.777364341085;214.418.604.651;0.147441860465;582.131.162.791;1
0.620064178835;13.840.124.031;0.871616098488;0.635967432448;0.879757331592;103.004.651.163;0.786976744186;28.496.124.031;0.0964341085271;498.474.418.605;1
0.522374088096;941.286.821.705;0.872264289689;0.77074549824;0.880815585408;14.659.379.845;0.721550387597;203.937.984.496;0.157054263566;780.285.271.318;1
0.79105294153;925.168.992.248;0.961392372626;0.253963793886;0.962357112831;577.906.976.744;0.887131782946;172.496.124.031;0.221240310078;30.071.255.814;1
0.475622666907;206.250.542.636;0.805897722092;0.887238748503;0.819264567982;155.382.945.736;0.688682170543;418.294.573.643;0.102015503876;776.054.263.566;1
0.572295318791;890.381.395.349;0.881892214329;0.690717754484;0.889727256695;125.689.922.481;0.755658914729;191.007.751.938;0.17984496124;65.035.379.845;1
0.71357163632;594.105.426.357;0.968468663375;0.294465051216;0.969970207857;9.62;0.835658914729;109.302.325.581;0.191472868217;568.601.860.465;1
0.64879379845;498.040.310.078;0.946303633386;0.426457763069;0.949044086619;120.362.790.698;0.798759689922;0.954418604651;0.175503875969;722.178.604.651;1
0.533866474371;154.656.434.109;0.844647649272;0.783483996103;0.855189044081;140.196.899.225;0.72992248062;314.821.705.426;0.146201550388;733.670.697.674;1
0.67162627246;855.063.565.891;0.893052604827;0.557765732558;0.901103764376;913.302.325.581;0.819224806202;185.240.310.078;0.195348837209;464.449.612.403;1
0.577283288264;563.007.751.938;0.884140824056;0.673558357981;0.893226508542;133.928.682.171;0.758759689922;128.496.124.031;0.191937984496;744.916.589.147;1
0.595366624602;168.783.565.891;0.857964476532;0.652341119794;0.866774848874;106.510.077.519;0.770852713178;341.240.310.078;0.0435658914729;486.814.883.721;1
0.492177825852;163.466.666.667;0.841272243046;0.853762599069;0.851598815891;153.382.945.736;0.700465116279;328.434.108.527;0.134263565891;786.217.364.341;1
0.762134102518;129.304.806.202;0.91580866837;0.392984052935;0.921470817185;635.875.968.992;0.872558139535;245.705.426.357;0.123720930233;314.561.550.388;1
0.593914404182;169.214.883.721;0.864536284743;0.650791906413;0.872273338744;107.007.751.938;0.76992248062;34.288.372.093;0.121550387597;491.924.031.008;1
0.721141373716;105.371.472.868;0.903000526385;0.478131646655;0.909664076012;746.899.224.806;0.848992248062;213.736.434.109;0.093488372093;36.747.875.969;1
0.443837653987;103.464.806.202;0.839948591006;0.889820007912;0.850891147221;179.872.868.217;0.662945736434;231.441.860.465;0.0502325581395;970.336.434.109;1
0.47291321435;19.128.372.093;0.823852753687;0.895939408071;0.835419690718;160.151.937.984;0.686511627907;378.170.542.636;0.143255813953;817.000.310.078;1
0.821404963644;122.111.317.829;0.933495733989;0.276157197838;0.936423026836;367.860.465.116;0.906046511628;243.565.891.473;0.0637209302326;130.785.116.279;1
0.742507205096;138.506.046.512;0.902081581053;0.423441565505;0.907977000818;598.852.713.178;0.861395348837;281.488.372.093;0.015503875969;249.505.736.434;1
0.796089946518;891.311.627.907;0.934063790317;0.340931102427;0.937565937845;496.434.108.527;0.892093023256;17.823.255.814;0.119379844961;224.68;1
0.634301592452;915.727.131.783;0.911727591186;0.531896927991;0.91766525968;11.504.496.124;0.793488372093;183.689.922.481;0.203410852713;649.666.976.744;1
0.781281605673;365.674.418.605;0.944864984784;0.359740395558;0.948341126134;589.426.356.589;0.883720930233;0.81488372093;0.108837209302;300.581.395.349;1
0.439422727;241.543.875.969;0.808746528298;0.955703526659;0.819870191193;16.876.124.031;0.661705426357;466.511.627.907;0.182170542636;834.115.348.837;1
0.614081653747;101.143.875.969;0.87416956494;0.648088563203;0.884687240907;119.294.573.643;0.782945736434;209.953.488.372;0.126666666667;657.890.542.636;1
0.494010408028;162.121.860.465;0.849337402474;0.834665344615;0.858878600017;150.854.263.566;0.701395348837;330.511.627.907;0.244186046512;765.448.992.248;1
0.623967021213;155.709.457.364;0.873602265605;0.595559294285;0.880972702766;965.968.992.248;0.789147286822;317.240.310.078;0.135968992248;435.308.527.132;1
0.615496761012;186.583.255.814;0.872139703518;0.620803637768;0.878979373913;100.144.186.047;0.783875968992;363.875.968.992;0.0813953488372;453.970.232.558;1
0.606209242233;212.267.596.899;0.858756997688;0.644999888284;0.866169568757;101.741.085.271;0.777984496124;411.255.813.953;0.100620155039;453.081.550.388;1
0.724440021633;127.178.294.574;0.908620662658;0.451037144178;0.913347647572;675.751.937.984;0.850852713178;253.519.379.845;0.0741085271318;298.815.813.953;1
0.769240021633;820.040.310.078;0.929071866927;0.39149510744;0.933728542326;635.364.341.085;0.876899224806;161.643.410.853;0.191162790698;328.854.573.643;1
0.634666378222;699.906.976.744;0.908982016508;0.581777244289;0.915558626464;112.744.186.047;0.795658914729;145.736.434.109;0.215813953488;627.387.596.899;1
0.746207944234;900.257.364.341;0.919694562423;0.417773222813;0.925701212088;717.596.899.225;0.863255813953;183.348.837.209;0.104031007752;380.719.689.922;1
0.721141373716;105.371.472.868;0.903000526385;0.478131646655;0.909664076012;746.899.224.806;0.848992248062;213.736.434.109;0.093488372093;36.747.875.969;1
0.71357163632;594.105.426.357;0.968468663375;0.294465051216;0.969970207857;9.62;0.835658914729;109.302.325.581;0.191472868217;568.601.860.465;1
0.64879379845;498.040.310.078;0.946303633386;0.426457763069;0.949044086619;120.362.790.698;0.798759689922;0.954418604651;0.175503875969;722.178.604.651;1
0.457579135869;635.984.496.124;0.851575058416;0.875354783909;0.863029094634;173.682.170.543;0.674728682171;154.139.534.884;0.174728682171;931.027.286.822;1
0.486565086233;957.029.457.364;0.849474423849;0.817330396046;0.860798629884;158.213.953.488;0.695813953488;208.434.108.527;0.166511627907;822.159.379.845;1
0.577283288264;563.007.751.938;0.884140824056;0.673558357981;0.893226508542;133.928.682.171;0.758759689922;128.496.124.031;0.191937984496;744.916.589.147;1
0.620726639024;13.407.627.907;0.883996040255;0.591209365319;0.890571173305;998.759.689.922;0.786976744186;278.511.627.907;0.0486821705426;467.048.682.171;1
0.750358464035;120.821.085.271;0.913021387961;0.4156086336;0.91773232821;611.162.790.698;0.866046511628;236.031.007.752;0.129612403101;270.757.829.457;1
0.893338333033;277.652.713.178;0.970680797676;0.179275362556;0.972450163876;265.534.883.721;0.94511627907;0.586976744186;0.0513178294574;128.444.651.163;1
0.528577946037;226.004.031.008;0.829615408815;0.731556195953;0.839031981185;122.448.062.016;0.725581395349;457.519.379.845;0.106821705426;532.823.565.891;1
0.543644540593;226.764.031.008;0.832561983041;0.723264160085;0.841708134162;117.962.790.698;0.736124031008;456.434.108.527;0.115658914729;513.380.465.116;1
0.532443867556;251.025.426.357;0.827056082064;0.737527767216;0.836084278435;119.719.379.845;0.728372093023;500.930.232.558;0.0993798449612;50.944.496.124;1
0.546489946518;223.829.147.287;0.841756323209;0.709193537597;0.849596416779;11.74;0.737984496124;44.511.627.907;0.1;511.501.705.426;1
0.623967021213;155.709.457.364;0.873602265605;0.595559294285;0.880972702766;965.968.992.248;0.789147286822;317.240.310.078;0.135968992248;435.308.527.132;1
0.710763728141;10.876.124.031;0.908144957877;0.476668485967;0.914058962234;741.069.767.442;0.842790697674;219.689.922.481;0.138449612403;345.431.007.752;1
0.636922781083;131.374.883.721;0.887922559682;0.584875690222;0.894237658619;968.372.093.023;0.797519379845;263.937.984.496;0.170852713178;458.628.837.209;1
0.525291028183;872.015.503.876;0.872845774473;0.732296388621;0.879874064285;140.103.875.969;0.723410852713;190.356.589.147;0.16015503876;712.187.906.977;1
0.749288912926;56.383.255.814;0.933449295497;0.422984605308;0.937824565795;699.720.930.233;0.865426356589;11.776.744.186;0.073488372093;365.946.666.667;1
0.781281605673;365.674.418.605;0.944864984784;0.359740395558;0.948341126134;589.426.356.589;0.883720930233;0.81488372093;0.108837209302;300.581.395.349;1
0.897450778198;276.148.837.209;0.974155513451;0.173696152547;0.975448119424;253.178.294.574;0.947286821705;0.574263565891;0.0837209302326;121.669.767.442;1
0.593914404182;169.214.883.721;0.864536284743;0.650791906413;0.872273338744;107.007.751.938;0.76992248062;34.288.372.093;0.121550387597;491.924.031.008;1
0.700496268253;105.678.139.535;0.905571282865;0.485651054531;0.911488376872;767.596.899.225;0.836589147287;217.612.403.101;0.108527131783;357.298.294.574;1
0.648912829758;181.254.883.721;0.859890916615;0.614384868469;0.870369303082;924.046.511.628;0.805271317829;358.914.728.682;0.0773643410853;431.705.736.434;1
0.586481773932;245.576.434.109;0.835115770656;0.657877425949;0.845016218212;100.834.108.527;0.76496124031;488.620.155.039;0.108217054264;412.110.697.674;1
0.625712108647;230.604.341.085;0.85198768128;0.603859966506;0.859991283148;895.643.410.853;0.790387596899;45.503.875.969;0.0817054263566;362.706.666.667;1
0.712903984136;848.679.069.767;0.923829787848;0.470145514341;0.927572147608;774.527.131.783;0.844031007752;170.573.643.411;0.0841860465116;383.975.503.876;1
0.827356721351;430.750.387.597;0.953503735079;0.283859812342;0.955794868501;454.217.054.264;0.909457364341;0.886511627907;0.110542635659;227.64;1
0.866065933538;433.386.046.512;0.964968941696;0.220905303015;0.966679323823;338.341.085.271;0.930542635659;0.860465116279;0.0801550387597;163.700.465.116;1
0.706934150592;135.284.651.163;0.890143872638;0.51604082621;0.897889793537;78.088.372.093;0.840620155039;266.635.658.915;0.0531782945736;37.783.255.814;1
0.692512517277;120.326.511.628;0.900905289226;0.474195584871;0.90653351137;763.178.294.574;0.831627906977;248.341.085.271;0.0996899224806;341.061.395.349;1
0.675278168379;114.817.984.496;0.890517459389;0.537940696251;0.898303119112;84.911.627.907;0.821395348837;240.434.108.527;0.171472868217;402.702.325.581;1
0.680913406646;105.956.899.225;0.899200978517;0.526282952783;0.905347269756;84.088.372.093;0.82480620155;220.558.139.535;0.153643410853;402.938.294.574;1
0.618895018328;932.086.821.705;0.87173458223;0.664258051004;0.882723270232;109.891.472.868;0.786356589147;205.147.286.822;0.208372093023;567.502.325.581;1
0.620064178835;13.840.124.031;0.871616098488;0.635967432448;0.879757331592;103.004.651.163;0.786976744186;28.496.124.031;0.0964341085271;498.474.418.605;1
0.602464851872;211.165.581.395;0.842862386317;0.663089764383;0.853048995668;102.057.364.341;0.775503875969;426.263.565.891;0.134108527132;457.176.124.031;1
0.551803857941;561.119.379.845;0.87724239473;0.71517903232;0.887513177347;142.026.356.589;0.741395348837;129.705.426.357;0.190542635659;783.766.821.705;1
0.67162627246;855.063.565.891;0.893052604827;0.557765732558;0.901103764376;913.302.325.581;0.819224806202;185.240.310.078;0.195348837209;464.449.612.403;1
0.688213544859;102.267.596.899;0.908400615519;0.501600729505;0.913261525711;820.511.627.907;0.829147286822;21.280.620.155;0.150542635659;395.613.023.256;1
0.354322456583;894.384.496.124;0.867251386456;0.950015022249;0.874226622992;225.536.434.109;0.58511627907;198.542.635.659;0.128527131783;124.289.612.403;1
0.822975638483;236.499.224.806;0.971162174317;0.233642239326;0.973810036968;558.062.015.504;0.905426356589;0.50015503876;0.026511627907;331.319.069.767;1
0.830303275044;202.229.457.364;0.976535511692;0.208071558179;0.978465663738;541.069.767.442;0.909147286822;0.429457364341;0.00790697674419;324.844.341.085;1
0.49122538309;30.660.124.031;0.798209229511;0.819064395316;0.808905415977;131.772.093.023;0.699534883721;605.798.449.612;0.0612403100775;556.599.689.922;1
0.554106796467;272.871.937.984;0.827906656324;0.709104198818;0.836205996767;11.096.744.186;0.743255813953;542.573.643.411;0.0871317829457;461.941.395.349;1
0.642496676882;252.524.651.163;0.858580478744;0.570083984581;0.864596399898;824.775.193.798;0.800930232558;490.046.511.628;0.0607751937984;31.695.503.876;1
0.680642076798;231.054.573.643;0.868065033987;0.516934033178;0.874380795121;717.534.883.721;0.824496124031;45.423.255.814;0.0751937984496;271.400.620.155;1
0.778532347816;117.826.046.512;0.921917754771;0.367737255625;0.925829332644;520.635.658.915;0.882170542636;233.271.317.829;0.140310077519;222.527.751.938;1
0.773103827895;943.643.410.853;0.924347778339;0.375867568615;0.92879259813;554.620.155.039;0.879069767442;194.263.565.891;0.135348837209;251.669.147.287;1
0.763273457124;883.029.457.364;0.925293979942;0.400968666691;0.929517700158;601.069.767.442;0.873488372093;178.201.550.388;0.155503875969;283.439.069.767;1
0.707596995373;110.761.550.388;0.910736230489;0.491788802551;0.915564393018;765.333.333.333;0.840930232558;221.829.457.364;0.137364341085;366.282.790.698;1
0.753060609338;706.945.736.434;0.928385191561;0.414107834444;0.93265641669;654.976.744.186;0.867596899225;144.930.232.558;0.145736434109;324.227.286.822;1
0.75799242834;806.384.496.124;0.928724633753;0.397512880492;0.932094303236;621.937.984.496;0.870387596899;164.496.124.031;0.141550387597;297.897.364.341;1
0.498796851151;195.147.906.977;0.824684125972;0.855184123079;0.836274253369;146.694.573.643;0.705426356589;389.085.271.318;0.151627906977;728.237.209.302;1
0.468119848567;150.100.465.116;0.830366371046;0.892188344242;0.842319083182;161.379.844.961;0.683100775194;31.007.751.938;0.124651162791;822.857.364.341;1
0.42825705186;122.941.085.271;0.820534848986;0.960878888381;0.833634840251;18.147.751.938;0.653023255814;262.852.713.178;0.162015503876;951.484.031.008;1
0.479455321195;119.429.147.287;0.841230050348;0.84975690387;0.851648396411;159.480.620.155;0.691162790698;251.069.767.442;0.170387596899;825.006.821.705;1
0.547590265008;122.990.077.519;0.862506040635;0.745783449565;0.871767806922;133.874.418.605;0.739224806202;251.131.782.946;0.134418604651;687.900.465.116;1
0.465623075536;107.571.472.868;0.837854542836;0.882308524475;0.850508134097;168.617.054.264;0.680930232558;23.007.751.938;0.169302325581;894.490.542.636;1
0.482940496364;17.555.627.907;0.825711260608;0.871163296827;0.837178267912;155.641.860.465;0.693953488372;357.364.341.085;0.086976744186;793.404.341.085;1
0.459087891353;172.834.108.527;0.805783888193;0.927586198102;0.82088200723;166.266.666.667;0.676589147287;3.6;0.142015503876;85.804.372.093;1
0.503085824169;169.186.356.589;0.822267795878;0.849250247216;0.8351817745;148.672.868.217;0.708527131783;350.263.565.891;0.190697674419;761.384.806.202;1
0.475622666907;206.250.542.636;0.805897722092;0.887238748503;0.819264567982;155.382.945.736;0.688682170543;418.294.573.643;0.102015503876;776.054.263.566;1
0.533866474371;154.656.434.109;0.844647649272;0.783483996103;0.855189044081;140.196.899.225;0.72992248062;314.821.705.426;0.146201550388;733.670.697.674;1
0.649583750977;734.666.666.667;0.894132260464;0.583930088426;0.901586958132;101.996.899.225;0.805581395349;156.713.178.295;0.133953488372;53.707.751.938;1
0.53933537648;10.479.255.814;0.862878029875;0.768588512193;0.872275944162;138.198.449.612;0.733643410853;223.937.984.496;0.174573643411;720.619.844.961;1
0.785280211526;118.939.224.806;0.921155006605;0.33740354573;0.925279112986;478.682.170.543;0.885891472868;24.096.124.031;0.116744186047;191.475.968.992;1
0.455414458266;173.870.697.674;0.812361285542;0.930104905059;0.825955522342;166.072.868.217;0.673798449612;358.666.666.667;0.135348837209;846.721.860.465;1
0.292357718887;258.966.821.705;0.747792666545;116.821.965.042;0.76238278543;226.706.976.744;0.536744186047;541.581.395.349;0.216744186047;111.484.372.093;1
0.675762754642;156.463.875.969;0.878708909501;0.534527891698;0.886734880898;818.635.658.915;0.821705426357;309.333.333.333;0.127751937984;366.034.108.527;1
0.443837653987;103.464.806.202;0.839948591006;0.889820007912;0.850891147221;179.872.868.217;0.662945736434;231.441.860.465;0.0502325581395;970.336.434.109;1
0.95406929872;429.968.992.248;0.979773885609;0.0782893545997;0.98058462472;0.79023255814;0.976744186047;0.846201550388;0.0311627906977;196.812.403.101;1
0.812289934499;122.063.875.969;0.931406479402;0.30011691584;0.934528687368;402.139.534.884;0.901085271318;240.558.139.535;0.0561240310078;151.080.930.233;1
0.798524031008;131.796.899.225;0.923280309224;0.311639595445;0.926414329294;425.658.914.729;0.893333333333;26.384.496.124;0.0404651162791;156.186.356.589;1
0.771358163572;141.133.953.488;0.907115164019;0.399751470991;0.912762499919;538.248.062.016;0.878139534884;277.612.403.101;0.0937984496124;228.619.534.884;1
0.72384794183;190.648.682.171;0.88844994352;0.465286471349;0.894481784518;645.891.472.868;0.850542635659;370.666.666.667;0.0682170542636;265.245.271.318;1
0.617032245658;103.115.348.837;0.910100188635;0.567551268534;0.9153460346;115.610.852.713;0.782635658915;204.682.170.543;0.110852713178;619.454.263.566;1
0.725143633195;166.866.666.667;0.888703814569;0.441154578687;0.895430695829;621.937.984.496;0.851162790698;337.333.333.333;0.0671317829457;246.499.224.806;1
0.595366624602;168.783.565.891;0.857964476532;0.652341119794;0.866774848874;106.510.077.519;0.770852713178;341.240.310.078;0.0435658914729;486.814.883.721;1
0.72062255874;120.191.937.984;0.899846118714;0.487826719718;0.907270486678;771.085.271.318;0.848682170543;234.573.643.411;0.0767441860465;39.083.875.969;1
0.396498383511;381.140.155.039;0.740072985167;101.608.048.018;0.756388916236;170.423.255.814;0.627596899225;757.426.356.589;0.146201550388;769.420.775.194;1
0.443207884142;342.498.294.574;0.776339282949;0.940147168882;0.789518744069;155.424.806.202;0.664186046512;672.589.147.287;0.162325581395;708.671.937.984;1
0.350882086413;35.640.124.031;0.75195525764;104.663.738.018;0.766484310938;193.773.643.411;0.588217054264;712.744.186.047;0.116279069767;912.412.713.178;1
0.678668541554;120.422.325.581;0.885710188822;0.553598764094;0.894084917788;878.418.604.651;0.823565891473;242.046.511.628;0.0961240310078;435.727.751.938;1
0.722972802115;12.188.124.031;0.903966027428;0.450010361864;0.909827513033;677.286.821.705;0.84992248062;250.201.550.388;0.0888372093023;300.559.379.845;1
0.536353632594;216.314.418.605;0.832743320886;0.757704557727;0.843744755061;136.592.248.062;0.731472868217;422.201.550.388;0.131472868217;697.969.302.326;1
0.807175434169;648.942.635.659;0.938212229831;0.321776269443;0.942016998582;479.875.968.992;0.898294573643;136.186.046.512;0.0604651162791;225.896.124.031;1
0.721345592212;103.464.806.202;0.911876311985;0.45529562335;0.917325613234;707.813.953.488;0.848992248062;213.705.426.357;0.0762790697674;330.170.542.636;1
0.606801514332;137.440.310.078;0.865900571973;0.645901260856;0.874266837148;105.111.627.907;0.778294573643;290.015.503.876;0.141860465116;495.745.736.434;1
0.73283932456;851.965.891.473;0.917636532217;0.443700685864;0.922739137522;689.813.953.488;0.855813953488;177.457.364.341;0.117054263566;32.931.875.969;1
0.700442809927;130.147.286.822;0.897222314765;0.495019097906;0.903481733753;752.976.744.186;0.836589147287;261.426.356.589;0.128217054264;340.440.310.078;1
0.546377260982;164.700.775.194;0.856932563395;0.715483482528;0.865048263748;123.475.968.992;0.737984496124;333.643.410.853;0.117519379845;574.924.651.163;1
0.64571321435;753.373.643.411;0.912509189606;0.557861090035;0.917661311601;101.865.116.279;0.802790697674;157.736.434.109;0.11519379845;531.171.162.791;1
0.648676882399;189.773.023.256;0.868854968796;0.583883359532;0.876062459167;885.891.472.868;0.80496124031;374.325.581.395;0.106356589147;39.240.124.031;1
0.605635622859;103.311.937.984;0.899544627791;0.629685974688;0.904968638532;113.251.162.791;0.777364341085;214.418.604.651;0.147441860465;582.131.162.791;1
0.522374088096;941.286.821.705;0.872264289689;0.77074549824;0.880815585408;14.659.379.845;0.721550387597;203.937.984.496;0.157054263566;780.285.271.318;1
0.572295318791;890.381.395.349;0.881892214329;0.690717754484;0.889727256695;125.689.922.481;0.755658914729;191.007.751.938;0.17984496124;65.035.379.845;1
0.634301592452;915.727.131.783;0.911727591186;0.531896927991;0.91766525968;11.504.496.124;0.793488372093;183.689.922.481;0.203410852713;649.666.976.744;1
0.48131982453;135.161.860.465;0.850870884764;0.845328135125;0.860246234522;162.457.364.341;0.692093023256;281.829.457.364;0.124496124031;865.983.565.891;1
0.746586959918;188.594.418.605;0.886799630298;0.443176359852;0.893449821689;569.162.790.698;0.863875968992;36.703.875.969;0.0531782945736;219.066.356.589;1
0.689910942852;20.231.751.938;0.871763725326;0.543187002837;0.880374184535;761.612.403.101;0.830387596899;391.069.767.442;0.015503875969;32.816.744.186;1
0.51924504537;296.560.930.233;0.80205709923;0.79526046175;0.81602266452;138.475.968.992;0.718449612403;571.875.968.992;0.0634108527132;669.843.410.853;1
0.645702830359;18.360.124.031;0.873672655902;0.552508009663;0.88023346537;861.457.364.341;0.802790697674;368.434.108.527;-0.0238759689922;364.052.403.101;1
0.675868902109;188.381.085.271;0.870353327575;0.540127398346;0.87782452496;774.620.155.039;0.821705426357;377.333.333.333;0.0153488372093;322.623.255.814;1
0.688918117902;187.648.682.171;0.883258221359;0.481428064148;0.888770001724;712.294.573.643;0.829457364341;373.674.418.605;-0.033023255814;280.504.496.124;1
0.656239120245;193.924.031.008;0.863107835368;0.566888806733;0.871678805318;831.798.449.612;0.809612403101;38.911.627.907;-0.0451162790698;350.241.860.465;1
0.56618299381;205.375.193.798;0.81944381691;0.746795948628;0.83316850926;116.469.767.442;0.751937984496;422.604.651.163;0.0568992248062;542.590.697.674;1
0.52115012319;236.457.984.496;0.800695982802;0.834974905127;0.815557971944;131.654.263.566;0.721240310078;479.720.930.233;-0.0686821705426;615.067.596.899;1
0.361677014602;345.013.643.411;0.734414713434;109.782.824.322;0.75238448816;187.654.263.566;0.599689922481;681.333.333.333;0.111782945736;863.576.744.186;1
0.383800877351;249.292.713.178;0.747930874743;107.127.660.277;0.766883671353;18.524.496.124;0.617984496124;520.527.131.783;-0.0308527131783;895.535.503.876;1
0.671813953488;152.342.015.504;0.882005033269;0.538741898469;0.888984923206;816.728.682.171;0.819224806202;308.930.232.558;-0.0280620155039;360.146.976.744;1
0.721502313563;179.828.837.209;0.89318688738;0.446755922377;0.898499032519;628.124.031.008;0.848992248062;355.348.837.209;-0.00372093023256;245.181.085.271;1
0.355267399796;186.230.077.519;0.772977518117;109.728.421.113;0.790343412117;204.920.930.233;0.594108527132;394.604.651.163;-0.0368992248062;103.666.976.744;1
0.435539691124;176.313.488.372;0.7877729817;0.972796667259;0.804942000256;170.972.093.023;0.658914728682;376.527.131.783;0.146511627907;860.054.883.721;1
0.469180938646;301.430.387.597;0.772717929901;0.918492767935;0.788632932953;144.931.782.946;0.684031007752;601.705.426.357;0.00635658914729;649.550.697.674;1
0.524092638664;245.921.860.465;0.804941832919;0.801132320697;0.818588710959;126.313.178.295;0.723100775194;499.348.837.209;0.0164341085271;565.801.550.388;1
0.410187945436;290.265.426.357;0.774207605852;0.944881444673;0.78617301591;165.891.472.868;0.637829457364;591.627.906.977;0.00558139534884;752.373.643.411;1
0.851860633375;103.628.217.054;0.941160995223;0.231351937822;0.943981493754;296.821.705.426;0.922790697674;208.093.023.256;-0.0165891472868;101.965.581.395;1
0.633731819001;230.871.007.752;0.844156454496;0.626425336809;0.85443179528;893.162.790.698;0.795658914729;455.658.914.729;-0.0680620155039;372.024.186.047;1
0.848331806983;838.694.573.643;0.945147899543;0.248561527937;0.948041121579;333.348.837.209;0.920930232558;167.782.945.736;-0.0475968992248;133.205.271.318;1
0.5496709092;277.816.124.031;0.806818473563;0.772601080469;0.819495509147;11.532.248.062;0.740775193798;54.911.627.907;-0.0482170542636;493.349.767.442;1
0.544429878012;200.794.108.527;0.832515804399;0.758705191749;0.843338550023;123.034.108.527;0.737054263566;411.317.829.457;0.0423255813953;571.991.627.907;1
0.430247893756;189.025.736.434;0.787524294396;0.991118850349;0.804249493084;176.862.015.504;0.65488372093;389.891.472.868;0.046511627907;906.627.596.899;1
0.522056414879;188.328.062.016;0.841922910034;0.721663554572;0.850524752658;127.872.868.217;0.720930232558;388.341.085.271;-0.0415503875969;579.117.209.302;1
0.574821320834;209.005.271.318;0.841576169712;0.693604277374;0.850695357743;112.905.426.357;0.757209302326;424.682.170.543;0.0365891472868;523.355.348.837;1
0.596523093564;209.333.023.256;0.842503145609;0.681204589706;0.852666302449;105.387.596.899;0.771782945736;422.294.573.643;0.06;481.057.054.264;1
0.541593125413;197.298.914.729;0.832139564616;0.77813851092;0.84327657035;126.965.891.473;0.73519379845;403.069.767.442;0.0758139534884;607.131.162.791;1
0.712233639805;160.814.573.643;0.886958788329;0.498957974394;0.894248700394;717.503.875.969;0.843720930233;311.968.992.248;-0.00170542635659;318.575.503.876;1
0.496654287603;238.772.403.101;0.821408055826;0.792013331756;0.830748511952;134.875.968.992;0.703255813953;474.573.643.411;-0.0426356589147;598.363.100.775;1
0.726675079623;159.210.542.636;0.888832146963;0.450629651924;0.895827815884;634.511.627.907;0.852093023256;322.356.589.147;0.0598449612403;262.219.534.884;1
0.674759930293;23.252.372.093;0.871831836691;0.469279834671;0.876960488324;697.937.984.496;0.820465116279;464.589.147.287;-0.0258914728682;244.790.697.674;1
0.665466450334;181.011.782.946;0.871584154192;0.545060901319;0.879109550999;809.317.829.457;0.81519379845;369.829.457.364;0.0742635658915;345.382.015.504;1
0.286576527853;321.822.325.581;0.722766698133;115.643.572.318;0.738344075889;220.773.643.411;0.530852713178;662.852.713.178;-0.0106976744186;10.345.475.969;1
0.453684754522;112.582.015.504;0.831966716515;0.919473528681;0.845525725385;175.796.899.225;0.672248062016;237.860.465.116;0.0336434108527;947.731.782.946;1
0.435327973079;137.761.860.465;0.811965213996;0.961775788669;0.826199453804;178.111.627.907;0.658604651163;297.364.341.085;-0.0164341085271;936.343.255.814;1
0.171283264227;377.026.976.744;0.658689060709;137.826.956.412;0.678608253957;283.082.170.543;0.404651162791;785.798.449.612;0.11007751938;134.704.682.171;1
0.598003196923;226.717.209.302;0.850966591185;0.667535930195;0.858765547905;102.547.286.822;0.772713178295;440.527.131.783;0.0506976744186;447.227.596.899;1
0.491769388859;208.493.953.488;0.808016760097;0.880382453019;0.823225136921;15.363.255.814;0.700465116279;409.891.472.868;0.0810852713178;783.367.131.783;1
0.533842437354;171.036.589.147;0.839913024985;0.787135984878;0.850885758322;131.840.310.078;0.72992248062;35.103.875.969;0.0941085271318;642.285.891.473;1
0.462892662701;175.512.248.062;0.796987098524;0.931072072661;0.813554800974;168.156.589.147;0.679379844961;364.124.031.008;0.073023255814;883.350.077.519;1
0.491505173968;255.339.844.961;0.801068907211;0.832939533353;0.813011125062;136.665.116.279;0.69984496124;517.054.263.566;-0.0528682170543;610.689.612.403;1
0.519143897602;265.035.658.915;0.814438224611;0.806295350957;0.825651122846;12.823.875.969;0.719689922481;521.612.403.101;0.0093023255814;572.893.333.333;1
0.769181371312;596.558.139.535;0.92128350603;0.401034774478;0.927890963439;617.302.325.581;0.876899224806;130.170.542.636;0.00868217054264;309.436.589.147;1
0.768688131723;101.244.341.085;0.91969990935;0.395081910023;0.924426012379;582.899.224.806;0.876589147287;202.449.612.403;0.00821705426357;271.218.294.574;1
0.631065248483;21.244.372.093;0.867600743911;0.610840942688;0.874460697779;918.403.100.775;0.793798449612;415.162.790.698;0.0572093023256;396.031.007.752;1
0.547671221681;241.914.728.682;0.834034837798;0.714610733829;0.842836771928;115.303.875.969;0.738914728682;480.651.162.791;0.0454263565891;49.239.379.845;1
0.553198966408;236.620.155.039;0.819742463688;0.717649670479;0.831305964067;11.319.379.845;0.742635658915;487.689.922.481;-0.00062015503876;485.855.193.798;1
0.657223868758;214.688.992.248;0.861178396569;0.571099981795;0.869222922066;819.627.906.977;0.81023255814;427.596.899.225;-0.0102325581395;338.978.294.574;1
0.567002559942;222.951.937.984;0.83528353398;0.7135600707;0.845333484004;111.497.674.419;0.752248062016;449.054.263.566;-0.0195348837209;489.715.348.837;1
0.410187945436;290.265.426.357;0.774207605852;0.944881444673;0.78617301591;165.891.472.868;0.637829457364;591.627.906.977;0.00558139534884;752.373.643.411;1
0.320647364942;146.195.968.992;0.791369810874;111.383.214.736;0.804587998256;226.719.379.845;0.562480620155;313.488.372.093;-0.015503875969;11.762.496.124;1
0.0853447749534;283.822.945.736;0.673654924826;159.863.136.538;0.69236732426;371.706.976.744;0.272868217054;605.178.294.574;0.00790697674419;191.735.813.953;1
0.419157983294;228.837.829.457;0.787787488635;0.957335310576;0.800946907805;169.773.643.411;0.645581395349;473.178.294.574;-0.0508527131783;812.640.930.233;1
0.482874154197;247.061.395.349;0.818924950933;0.788732385063;0.827894779016;137.635.658.915;0.692713178295;497.147.286.822;-0.0547286821705;601.895.193.798;1
0.502105306172;217.768.682.171;0.833774943392;0.767395887313;0.841628224065;133.550.387.597;0.706666666667;444.651.162.791;-0.0139534883721;600.142.945.736;1
0.455543296677;135.582.635.659;0.831312973146;0.856102448541;0.842050784845;161.587.596.899;0.673178294574;293.147.286.822;0.0319379844961;801.091.782.946;1
0.556243975723;120.171.782.946;0.870426726768;0.668796397772;0.877686621564;123.017.054.264;0.744496124031;256.496.124.031;0.0874418604651;592.626.356.589;1
0.638216934078;22.779.875.969;0.864692219525;0.547998064938;0.870127305838;837.100.775.194;0.797829457364;455.596.899.225;0.00604651162791;327.046.511.628;1
0.538892133886;137.36;0.873927278917;0.674619876587;0.879573958528;127.497.674.419;0.732093023256;290.046.511.628;0.0880620155039;608.464.806.202;1
0.494150591912;126.759.689.922;0.861264411699;0.798674161077;0.868621145202;14.944.496.124;0.701395348837;268.775.193.798;0.0657364341085;75.359.751.938;1
0.46851732468;144.450.542.636;0.846462628903;0.848788757036;0.854515794276;157.964.341.085;0.682790697674;305.209.302.326;0.102480620155;791.153.178.295;1
0.60650153236;17.904.372.093;0.867785746263;0.625254726352;0.874423446052;100.688.372.093;0.777984496124;362.976.744.186;0.00217054263566;448.932.403.101;1
0.574821320834;209.005.271.318;0.841576169712;0.693604277374;0.850695357743;112.905.426.357;0.757209302326;424.682.170.543;0.0365891472868;523.355.348.837;1
0.664848987441;108.969.302.326;0.900050552504;0.533412312728;0.905484569459;8.84;0.81488372093;225.798.449.612;0.0331782945736;421.326.511.628;1
0.847864911964;440.855.813.953;0.96171730633;0.240876951427;0.963261677372;37.407.751.938;0.920620155039;0.906666666667;0.00031007751938;175.473.488.372;1
0.410995589207;87.816.124.031;0.859550290768;0.865197868299;0.86539731523;185.530.232.558;0.637829457364;195.689.922.481;-0.0172093023256;954.889.922.481;1
0.304586983955;118.774.263.566;0.77742264218;118.219.325.558;0.79502641067;24.123.875.969;0.549147286822;271.534.883.721;0.077984496124;129.985.612.403;1
0.418966840935;175.76;0.803249806098;0.958015892974;0.816836264001;174.697.674.419;0.645581395349;373.147.286.822;0.0458914728682;862.770.542.636;1
0.712233639805;160.814.573.643;0.886958788329;0.498957974394;0.894248700394;717.503.875.969;0.843720930233;311.968.992.248;-0.00170542635659;318.575.503.876;1
0.537685283336;186.641.550.388;0.818252531461;0.803805455603;0.832443208145;131.849.612.403;0.732713178295;387.627.906.977;0.0165891472868;651.507.286.822;1
0.398567682231;163.090.232.558;0.781299378553;0.991591185589;0.79824330631;184.415.503.876;0.629457364341;351.751.937.984;-0.0493023255814;916.831.007.752;1
0.556446848146;148.909.767.442;0.828366140801;0.759199246007;0.842862909414;126.195.348.837;0.745426356589;316.217.054.264;0.0663565891473;626.581.395.349;1
0.867260669431;988.868.217.054;0.946072247661;0.222505850237;0.948566059116;272.651.162.791;0.931162790698;195.782.945.736;0.0381395348837;983.882.170.543;1
0.529483468542;184.921.860.465;0.83436330136;0.75101269306;0.844878158383;127.493.023.256;0.726511627907;382.542.635.659;-0.00325581395349;589.652.093.023;1
0.768688131723;101.244.341.085;0.91969990935;0.395081910023;0.924426012379;582.899.224.806;0.876589147287;202.449.612.403;0.00821705426357;271.218.294.574;1
0.493762922901;175.990.077.519;0.826002042022;0.820446307455;0.838214703251;142.474.418.605;0.701395348837;366.945.736.434;0.0390697674419;675.702.015.504;1
0.415171299802;133.069.457.364;0.837372529672;0.898468948715;0.846645897688;194.823.255.814;0.640620155039;26.192.248.062;0.0655813953488;10.519.296.124;1
0.805597644372;114.384.806.202;0.926842271601;0.324720256819;0.930823086609;445.162.790.698;0.897364341085;229.736.434.109;0.0584496124031;187.577.674.419;1
0.628719812511;118.629.767.442;0.899297247665;0.525349358027;0.903142832667;961.782.945.736;0.791627906977;245.426.356.589;0.0150387596899;440.075.348.837;1
0.596160230755;161.587.906.977;0.868591344324;0.621535172247;0.875567185826;104.857.364.341;0.771162790698;328.465.116.279;0.0897674418605;472.943.255.814;1
0.637550627967;160.579.224.806;0.885945707;0.544055492232;0.890669424058;900.465.116.279;0.797519379845;32.415.503.876;-0.0300775193798;39.084.620.155;1
0.449169256655;152.086.821.705;0.830329349701;0.903396061611;0.841701865926;171.305.426.357;0.668527131783;314.108.527.132;0.0858914728682;890.457.674.419;1
0.756040430263;13.479.379.845;0.912452882636;0.380655799192;0.91650963985;555.286.821.705;0.869147286822;271.689.922.481;-0.0328682170543;225.650.852.713;1
0.380133982333;257.477.209.302;0.772384088241;102.954.764.456;0.786440384368;184.536.434.109;0.614573643411;522.480.620.155;-0.026976744186;876.467.906.977;1
0.65272087014;208.654.883.721;0.856279424012;0.583649160878;0.865575509697;840.930.232.558;0.807441860465;417.302.325.581;0.00868217054264;353.363.410.853;1
0.487254852473;115.667.286.822;0.846658636698;0.7913050516;0.856458989213;150.023.255.814;0.696434108527;252.744.186.047;-0.0196899224806;743.751.627.907;1
0.657278288564;927.373.643.411;0.914409673195;0.522696097319;0.918031011073;92.223.255.814;0.80992248062;190.201.550.388;0.0251162790698;446.961.860.465;1
0.567138128718;185.608.992.248;0.848438508426;0.672059031521;0.857438952788;112.652.713.178;0.751937984496;379.751.937.984;-0.158914728682;503.363.100.775;1
0.576012210805;223.629.147.287;0.82159943761;0.733277855781;0.834694508314;111.807.751.938;0.758449612403;453.953.488.372;0.0331782945736;51.007.503.876;1
0.453030947659;103.988.837.209;0.871241956358;0.762497816727;0.87613015817;162.654.263.566;0.669147286822;224.496.124.031;-0.0105426356589;801.177.364.341;1
0.400692939126;245.364.341.085;0.785037472265;0.979234907737;0.798780157527;175.417.054.264;0.631007751938;501.395.348.837;0.0093023255814;828.203.100.775;1
0.868709813112;436.896.124.031;0.964646220999;0.21152815658;0.967122294525;353.627.906.977;0.931782945736;0.905736434109;0.0841860465116;186.728.372.093;1
0.855060441079;620.852.713.178;0.959427001737;0.224942535522;0.961771796568;370.093.023.256;0.924341085271;125.426.356.589;0.0683720930233;183.708.527.132;1
0.666876557899;158.993.178.295;0.889317005581;0.496494099038;0.894293798212;800.945.736.434;0.815813953488;323.813.953.488;0.0106976744186;338.644.031.008;1
0.688066438315;172.519.379.845;0.890546242041;0.477842936929;0.895285235959;729.720.930.233;0.828837209302;346.573.643.411;-0.00015503875969;298.989.767.442;1
0.568678228472;146.586.976.744;0.854932526929;0.681178736249;0.864244553814;116.575.193.798;0.753178294574;309.178.294.574;-0.00511627906977;548.347.906.977;1
0.993193870561;62.015.503.876;0.997520371696;0.0115085475988;0.997568019456;0.108527131783;0.996589147287;0.124031007752;0.0;232.558.139.535;1
0.870206838531;590.548.837.209;0.961651508278;0.203479294494;0.963270991087;289.271.317.829;0.932713178295;1.2;-0.0483720930233;120.589.147.287;1
0.826288708611;639.165.891.473;0.949192527899;0.275981286421;0.951720022802;414.372.093.023;0.908837209302;13.088.372.093;-0.0187596899225;185.610.542.636;1
0.830261354486;672.449.612.403;0.949721017001;0.263664981257;0.951790253934;396.170.542.636;0.911007751938;137.829.457.364;-0.0317829457364;173.236.899.225;1
0.529467315666;236.340.465.116;0.81876105407;0.782145372443;0.830491813104;125.537.984.496;0.726821705426;47.007.751.938;0.00682170542636;564.433.178.295;1
0.683875151734;246.726.511.628;0.871998701187;0.46370850603;0.876723636056;660.666.666.667;0.826046511628;488.465.116.279;-0.028992248062;220.075.968.992;1
0.832628904513;720.136.434.109;0.950354894261;0.251488743029;0.952393131704;38.015.503.876;0.912248062016;147.472.868.217;0.088992248062;160.462.325.581;1
0.654681329247;233.062.945.736;0.864576165706;0.504618820875;0.870259285759;765.488.372.093;0.808062015504;465.240.310.078;-0.0238759689922;280.585.736.434;1
0.459227113755;205.231.317.829;0.817632805119;0.809938649426;0.828042471139;149.927.131.783;0.675348837209;426.573.643.411;0.0813953488372;685.622.635.659;1
0.608248542756;174.712.868.217;0.853994220409;0.621409284468;0.863083332839;100.026.356.589;0.779224806202;360.093.023.256;-0.00821705426357;445.620.465.116;1
0.64749137672;141.658.914.729;0.882497671581;0.550517243539;0.889626644345;896.992.248.062;0.804031007752;292.899.224.806;-0.0703875968992;406.299.534.884;1
0.798448074034;107.982.325.581;0.929543452706;0.318780517232;0.932819657259;451.643.410.853;0.893333333333;217.333.333.333;-0.0590697674419;182.729.612.403;1
0.51924504537;296.560.930.233;0.80205709923;0.79526046175;0.81602266452;138.475.968.992;0.718449612403;571.875.968.992;0.0634108527132;669.843.410.853;1
0.520594387357;213.114.108.527;0.818108041477;0.79503377266;0.829804581562;130.203.100.775;0.720620155039;434.139.534.884;-0.0125581395349;598.444.341.085;1
0.41704907157;263.985.426.357;0.753885849984;101.876.130.328;0.773126658337;16.900.620.155;0.644651162791;541.736.434.109;0.0500775193798;793.661.705.426;1
0.357106904633;232.608.992.248;0.739204647231;11.233.334.233;0.760039082927;199.646.511.628;0.595968992248;494.449.612.403;-0.0617054263566;988.311.007.752;1
0.779030202512;132.528.992.248;0.91294196449;0.379803855358;0.917981927367;512.899.224.806;0.882480620155;262.449.612.403;0.0164341085271;214.174.883.721;1
0.689910942852;20.231.751.938;0.871763725326;0.543187002837;0.880374184535;761.612.403.101;0.830387596899;391.069.767.442;0.015503875969;32.816.744.186;1
0.419596033892;155.902.635.659;0.784762790576;0.989160015684;0.802329459168;179.810.852.713;0.646511627907;335.565.891.473;-0.0325581395349;915.158.139.535;1
0.658874923382;182.731.782.946;0.871910976484;0.55823861553;0.879884187793;840.093.023.256;0.811162790698;368.062.015.504;-0.0604651162791;364.060.155.039;1
0.525281028784;291.407.131.783;0.798348278328;0.796006185384;0.811359750493;122.427.906.977;0.723720930233;583.131.782.946;0.0403100775194;526.954.108.527;1
0.596523093564;209.333.023.256;0.842503145609;0.681204589706;0.852666302449;105.387.596.899;0.771782945736;422.294.573.643;0.06;481.057.054.264;1
0.541593125413;197.298.914.729;0.832139564616;0.77813851092;0.84327657035;126.965.891.473;0.73519379845;403.069.767.442;0.0758139534884;607.131.162.791;1
0.539854576047;211.511.627.907;0.828026901318;0.771068070878;0.839136884174;12.467.751.938;0.733953488372;427.875.968.992;-0.0116279069767;578.365.891.473;1
0.51036615588;207.236.899.225;0.802426164301;0.860739201018;0.818739377964;139.759.689.922;0.713798449612;424.775.193.798;-0.00480620155039;677.822.635.659;1
0.552003269034;171.980.155.039;0.827829711469;0.757175847728;0.841637707182;122.862.015.504;0.742325581395;356.837.209.302;-0.111007751938;580.171.782.946;1
0.637803689682;200.980.465.116;0.862119154065;0.592473248974;0.870089258956;892.434.108.527;0.798139534884;397.333.333.333;-0.0480620155039;380.04;1
0.589840225948;249.701.705.426;0.824441302564;0.696410333607;0.835716646885;102.607.751.938;0.767441860465;496.434.108.527;-0.0381395348837;435.684.651.163;1
0.423801165795;216.299.534.884;0.78741409524;0.96472649374;0.802440781639;168.812.403.101;0.649302325581;452.775.193.798;0.0796899224806;811.671.007.752;1
0.65725559762;169.618.294.574;0.893174146324;0.471168211164;0.896445185465;810.062.015.504;0.809302325581;343.658.914.729;-0.00728682170543;33.176.372.093;1
0.489865464816;255.497.364.341;0.793120777577;0.85705038507;0.807390082158;137.933.333.333;0.698914728682;518.418.604.651;0.00356589147287;619.159.689.922;1
0.772821537167;107.534.263.566;0.932073092083;0.348778412136;0.934578308611;528.868.217.054;0.878759689922;215.069.767.442;-0.0409302325581;223.876.589.147;1
0.505096087975;175.688.682.171;0.850841650646;0.709266496889;0.85763736997;134.350.387.597;0.708217054264;363.100.775.194;-0.0517829457364;61.284.620.155;1
0.491769388859;208.493.953.488;0.808016760097;0.880382453019;0.823225136921;15.363.255.814;0.700465116279;409.891.472.868;0.0810852713178;783.367.131.783;1
0.462892662701;175.512.248.062;0.796987098524;0.931072072661;0.813554800974;168.156.589.147;0.679379844961;364.124.031.008;0.073023255814;883.350.077.519;1
0.306917997716;363.621.705.426;0.834362267095;10.207.794.871;0.842495370452;245.637.209.302;0.546976744186;104.992.248.062;0.0241860465116;133.623.379.845;1
0.57279201971;212.099.534.884;0.853956376271;0.667447783229;0.86390931099;128.013.953.488;0.754108527132;401.333.333.333;0.0283720930233;664.841.550.388;1
0.47749524668;186.996.899.225;0.828058641943;0.794513685069;0.837666437652;145.337.984.496;0.688992248062;390.666.666.667;-0.0417054263566;675.717.829.457;1
0.406615852413;268.071.627.907;0.770768993936;101.120.098.113;0.785168530594;174.717.829.457;0.636279069767;5.4;0.0972093023256;832.347.286.822;1
0.355267399796;186.230.077.519;0.772977518117;109.728.421.113;0.790343412117;204.920.930.233;0.594108527132;394.604.651.163;-0.0368992248062;103.666.976.744;1
0.532394639745;197.689.922.481;0.829171212627;0.754309145514;0.84001459953;125.829.457.364;0.728682170543;403.534.883.721;-0.0412403100775;575.150.697.674;1
0.725617258578;109.788.527.132;0.910886867491;0.439456549764;0.91593556263;678.294.573.643;0.851472868217;225.054.263.566;-0.0102325581395;305.845.581.395;1
0.725617258578;109.788.527.132;0.910886867491;0.439456549764;0.91593556263;678.294.573.643;0.851472868217;225.054.263.566;-0.0102325581395;305.845.581.395;1
0.545649804699;130.949.767.442;0.855624914636;0.702226056161;0.865400640924;125.868.217.054;0.737364341085;277.364.341.085;-0.0612403100775;600.879.379.845;1
0.631065248483;21.244.372.093;0.867600743911;0.610840942688;0.874460697779;918.403.100.775;0.793798449612;415.162.790.698;0.0572093023256;396.031.007.752;1
0.602160447089;178.506.356.589;0.841844687447;0.677498869876;0.853456454023;105.334.883.721;0.775503875969;369.891.472.868;0.0637209302326;49.199.255.814;1
0.543608773511;196.897.674.419;0.834305043632;0.787705389414;0.845231667506;130.671.317.829;0.736744186047;383.534.883.721;-0.0643410852713;640.130.232.558;1
0.582198569797;211.660.155.039;0.842257988753;0.710387000872;0.851994934249;109.575.193.798;0.762480620155;417.240.310.078;-0.0778294573643;490.821.395.349;1
0.567002559942;222.951.937.984;0.83528353398;0.7135600707;0.845333484004;111.497.674.419;0.752248062016;449.054.263.566;-0.0195348837209;489.715.348.837;1
0.34422344811;448.660.465.116;0.842666982334;100.585.257.862;0.852487619572;227.840.310.078;0.582015503876;115.317.829.457;-0.00666666666667;124.407.472.868;1
0.465759798089;385.010.852.713;0.871348424916;0.828481063539;0.879914607248;174.899.224.806;0.680310077519;0.976124031008;-0.0254263565891;958.386.046.512;1
0.40232707169;101.264.806.202;0.842905401118;0.940095066749;0.852376588594;204.311.627.907;0.631317829457;206.294.573.643;-0.108062015504;113.051.286.822;1
0.371050297458;133.550.387.597;0.819414583794;100.652.124.383;0.830566731881;200.979.844.961;0.605891472868;282.790.697.674;0.0350387596899;102.352.248.062;1
0.753771528153;14.732.372.093;0.914714848298;0.389603156774;0.918213218628;556.294.573.643;0.867906976744;288.465.116.279;-0.0165891472868;220.568.682.171;0
0.870957754943;593.103.875.969;0.965693467967;0.193110293767;0.967041177785;334.387.596.899;0.933023255814;116.217.054.264;-0.0772093023256;170.92;0
0.772102734211;172.513.488.372;0.908388981872;0.368291841612;0.912289445293;48.111.627.907;0.878449612403;336.248.062.016;-0.0350387596899;170.909.457.364;0
0.879328213449;897.637.209.302;0.950069983324;0.211350853142;0.95280631696;256.341.085.271;0.937674418605;171.596.899.225;0.0362790697674;951.910.077.519;0
0.490488504297;374.776.434.109;0.805668769433;0.733893774;0.811343361613;12.199.379.845;0.697054263566;739.286.821.705;0.0551937984496;454.510.697.674;0
0.793412222823;74.063.255.814;0.94208852316;0.334221172937;0.944774174823;509.147.286.822;0.890542635659;150.511.627.907;-0.00403100775194;234.119.069.767;0
0.0353502794303;685.665.116.279;0.650584700108;170.511.338.473;0.677462260526;510.485.271.318;0.0998449612403;204.124.031.008;-0.0249612403101;290.302.449.612;0
0.103150820263;491.223.565.891;0.619623962233;149.061.365.058;0.63693992238;325.739.534.884;0.299534883721;100.905.426.357;0.222635658915;15.110.055.814;0
0.431117264587;228.279.379.845;0.834210828565;0.856712892189;0.840848408823;163.279.069.767;0.653333333333;464.527.131.783;0.139379844961;76.787.503.876;0
0.662233567694;198.033.488.372;0.860078377902;0.560249533624;0.869439962447;818.108.527.132;0.813333333333;395.596.899.225;-0.116899224806;344.514.728.682;0
0.881251751698;175.134.573.643;0.938626507203;0.17739499654;0.939739657372;163.612.403.101;0.938604651163;327.224.806.202;-0.0327131782946;0.0;0
0.892839132264;117.952.248.062;0.950312615807;0.170093878756;0.95169257101;177.085.271.318;0.94480620155;227.224.806.202;0.031007751938;340.930.232.558;0
0.541810420047;279.824.186.047;0.820256608829;0.655662735666;0.829136132984;109.930.232.558;0.733953488372;567.534.883.721;0.328217054264;430.448.682.171;0
0.843774003966;113.278.139.535;0.93795795388;0.266456387119;0.941653580518;379.627.906.977;0.918449612403;210.480.620.155;-0.0189147286822;16.899.627.907;0
0.764050333514;200.488.992.248;0.897595159363;0.38094316864;0.901991492884;481.069.767.442;0.873798449612;389.736.434.109;-0.00387596899225;156.804.031.008;0
0.654118093865;282.935.503.876;0.853419944363;0.525198373002;0.859251048718;736.418.604.651;0.807751937984;55.792.248.062;-0.0727131782946;248.358.139.535;0
0.879421477075;465.013.953.488;0.967146494652;0.194944128203;0.968356478114;282.465.116.279;0.937674418605;0.951627906977;0.0324031007752;126.720.930.233;0
0.908668373295;549.906.976.744;0.969442907404;0.151185431679;0.97062693049;198.744.186.047;0.953178294574;107.317.829.457;0.0475968992248;803.652.713.178;0
0.998760266811;187.596.899.225;0.999380049903;0.0024450787647;0.999390919158;0.0170542635659;0.999379844961;0.0341085271318;0.0;0.0;0
0.909917336699;885.072.868.217;0.960664106288;0.135499156375;0.961682199696;149.488.372.093;0.953798449612;174.139.534.884;0.0241860465116;320.539.534.884;0
0.983331578631;22.64;0.991692821039;0.0304970563782;0.991881133429;0.229457364341;0.991627906977;0.427286821705;6,94E-07;0.838139534884;0
0.828760290848;246.627.596.899;0.911047911673;0.249359740874;0.912850952248;247.720.930.233;0.91007751938;462.759.689.922;-0.00186046511628;916.930.232.558;0
0.948635394508;459.739.534.884;0.978188858287;0.0870297943211;0.978979858082;0.90480620155;0.973953488372;0.896744186047;-0.0558139534884;238.285.271.318;0
0.670724788174;40.608.744.186;0.841525197092;0.460608427176;0.845235670881;577.302.325.581;0.817674418605;773.209.302.326;0.0527131782946;10.307.751.938;0
0.829053542455;150.459.844.961;0.925151254243;0.285949321279;0.928724226941;341.534.883.721;0.910387596899;289.581.395.349;-0.00449612403101;110.605.581.395;0
0.889250694069;979.119.379.845;0.955748138292;0.190163199992;0.957582973136;233.333.333.333;0.942945736434;179.410.852.713;0.0421705426357;836.080.620.155;0
0.847339366625;221.088.992.248;0.92113660355;0.229289340784;0.922774078607;221.860.465.116;0.920310077519;411.658.914.729;-0.0248062015504;891.906.976.744;0
0.366269430924;634.076.589.147;0.649716590943;107.337.007.443;0.670499581659;157.409.302.326;0.602790697674;122.365.891.473;-0.181240310078;543.244.031.008;0
0.530673012439;495.176.124.031;0.772284916468;0.632247854861;0.779544117469;934.341.085.271;0.72496124031;971.565.891.473;-0.0401550387597;233.022.015.504;0
0.847080151433;826.744.186.047;0.940417872541;0.273861637475;0.944076798122;355.302.325.581;0.920310077519;16.703.875.969;0.06;153.812.713.178;0
0.985792199988;196.279.069.767;0.99302564282;0.0258433679106;0.993148430567;0.198449612403;0.992868217054;0.365891472868;-6,94E-07;0.790697674419;0
0.894035791118;95.863.255.814;0.956029440071;0.167313481487;0.957529929127;192.666.666.667;0.945426356589;186.387.596.899;-0.0556589147287;526.117.829.457;0
0.892151865873;586.248.062.016;0.960679227792;0.189149134564;0.963019277798;241.906.976.744;0.944496124031;117.426.356.589;-0.0643410852713;101.339.534.884;0
0.90040733129;744.179.844.961;0.960774621884;0.167600687833;0.962515911216;197.736.434.109;0.948837209302;146.666.666.667;-0.042480620155;67.76;0
0.828662219819;114.413.953.488;0.937856363927;0.267346742495;0.940173722462;35.607.751.938;0.91007751938;227.317.829.457;-0.0398449612403;128.631.937.984;0
0.740813845322;129.595.348.837;0.918424310068;0.392408545501;0.922206390526;603.674.418.605;0.86015503876;257.147.286.822;-0.0882170542636;249.749.767.442;0
0.72478307794;337.379.534.884;0.861261743013;0.397115590884;0.865308469088;460.976.744.186;0.850542635659;648.713.178.295;0.0817054263566;732.120.930.233;0
0.955879574545;491.758.139.535;0.981060501018;0.0760778605033;0.981459331727;0.718759689922;0.977674418605;0.925271317829;0.0167441860465;134.062.015.504;0
0.993809218196;422.573.643.411;0.997184346695;0.0120370362169;0.997388543969;0.128682170543;0.996899224806;0.0849612403101;-0.0077519379845;504.930.232.558;0
0.96375640887;195.342.635.659;0.987824125093;0.0679978460698;0.9884060085;0.800310077519;0.981705426357;0.386356589147;0.046511627907;338.834.108.527;0
0.624778703203;165.731.782.946;0.876501172791;0.609705967211;0.882605790427;980.480.620.155;0.78976744186;332.620.155.039;-0.0243410852713;451.921.550.388;0
0.854963139234;151.041.860.465;0.937473450392;0.215141195271;0.939048878646;250.697.674.419;0.924341085271;292.589.147.287;-0.00434108527132;572.815.503.876;0
0.867754293612;906.551.937.984;0.948505381944;0.22824963905;0.951290954791;280.759.689.922;0.931472868217;176.031.007.752;0.0537984496124;105.064.806.202;0
0.905675091641;591.029.457.364;0.965636307942;0.161719534439;0.967441778894;20.023.255.814;0.951627906977;115.379.844.961;0.0339534883721;767.851.162.791;0
0.951658866655;33.0;0.982805339395;0.0803187137397;0.983459513533;108.294.573.643;0.975503875969;0.653953488372;0.00945736434109;475.714.728.682;0
0.572575878853;414.927.751.938;0.810782345471;0.617264833761;0.816734369453;884.775.193.798;0.75503875969;797.271.317.829;0.152868217054;25.367.255.814;0
0.92760185085;544.108.527.132;0.97053595686;0.129943426179;0.972214155598;157.875.968.992;0.963100775194;103.782.945.736;-0.0770542635659;636.133.333.333;0
0.865716723755;17.495.503.876;0.933368992812;0.196498057211;0.934724220245;196.124.031.008;0.93023255814;335.379.844.961;0.024496124031;148.198.449.612;0
0.968023075536;367.565.891.473;0.98523398662;0.0590487453299;0.985688571643;0.544186046512;0.983875968992;0.688372093023;0.0176744186047;116.703.875.969;0
0.87317896761;122.860.775.194;0.948718257037;0.192502565909;0.9503678397;243.565.891.473;0.934263565891;236.837.209.302;-0.0195348837209;765.209.302.326;0
0.67158992849;119.660.155.039;0.889293041365;0.568577107074;0.896915497944;898.728.682.171;0.819224806202;244.465.116.279;0.0992248062016;447.148.527.132;0
0.554343128418;132.588.217.054;0.875843069642;0.714839440001;0.882800194726;127.350.387.597;0.743565891473;268.744.186.047;0.0156589147287;631.657.054.264;0
0.893952526891;540.995.348.837;0.967302689662;0.176764206448;0.968513088893;267.271.317.829;0.945426356589;103.100.775.194;0.105271317829;130.756.589.147;0
0.954657148008;224.604.651.163;0.982653054267;0.0828586587824;0.983978565284;113.720.930.233;0.977054263566;0.457364341085;-0.0382945736434;56.383.875.969;0
0.965587260381;400.992.248.062;0.983988245143;0.0621088803053;0.98461465655;0.617984496124;0.982635658915;0.733643410853;-0.0344186046512;153.950.387.597;0
0.965027101737;362.328.682.171;0.985152906169;0.0527931537023;0.985471417784;0.532248062016;0.982325581395;0.720310077519;-0.0156589147287;876.434.108.527;0
0.907563631993;736.142.635.659;0.967003147501;0.143707360987;0.967959298144;183.255.813.953;0.952558139535;141.395.348.837;0.00403100775194;620.570.542.636;0
0.90523319512;130.870.697.674;0.951800740068;0.1393797689;0.952689530942;128.403.100.775;0.951317829457;250.542.635.659;-0.0077519379845;159.720.930.233;0
0.961968054804;503.869.767.442;0.98084434772;0.0603393619769;0.981238821719;0.505426356589;0.980775193798;0.976124031008;0.0285271317829;100.713.178.295;0
0.998760459107;15.503.875.969;0.999380092924;0.00225839349607;0.999392004864;0.015503875969;0.999379844961;0.031007751938;-0.015503875969;0.0;0
0.939682278709;794.731.782.946;0.969685851392;0.0897820598813;0.970290729286;0.803875968992;0.969302325581;154.573.643.411;0.0237209302326;158.139.534.884;0
0.963222787092;466.871.317.829;0.98171260163;0.0531966448467;0.982060712826;0.477519379845;0.981395348837;0.924031007752;0.0077519379845;0.77519379845;0
0.731324992488;129.990.697.674;0.900954229946;0.447328465456;0.90683546268;653.364.341.085;0.85488372093;266.108.527.132;0.0862015503876;289.160.930.233;0
0.978423027462;255.134.883.721;0.989510048425;0.0381797355973;0.989849608822;0.33007751938;0.989147286822;0.489612403101;0.00077519379845;489.519.379.845;0
1.0;0.0;1.0;-0.0;1.0;0.0;1.0;0.0;0.0;0.0;0
0.852529631633;110.746.046.512;0.945163430849;0.218709280088;0.946881272042;285.550.387.597;0.923100775194;218.790.697.674;0.0316279069767;908.334.883.721;0
0.815099381047;117.650.852.713;0.941400736364;0.251381994228;0.942665595346;379.379.844.961;0.902325581395;235.782.945.736;0.0396899224806;134.264.496.124;0
0.640571984857;214.578.604.651;0.856495885175;0.617120048507;0.865071286024;902.294.573.643;0.8;419.720.930.233;-0.00496124031008;392.135.193.798;0
0.727958656331;152.551.007.752;0.90792265302;0.429912070792;0.912123403174;645.782.945.736;0.852713178295;299.627.906.977;0.062480620155;273.654.573.643;0
0.431117264587;228.279.379.845;0.834210828565;0.856712892189;0.840848408823;163.279.069.767;0.653333333333;464.527.131.783;0.139379844961;76.787.503.876;0
0.881251751698;175.134.573.643;0.938626507203;0.17739499654;0.939739657372;163.612.403.101;0.938604651163;327.224.806.202;-0.0327131782946;0.0;0
0.892839132264;117.952.248.062;0.950312615807;0.170093878756;0.95169257101;177.085.271.318;0.94480620155;227.224.806.202;0.031007751938;340.930.232.558;0
0.998760266811;187.596.899.225;0.999380049903;0.0024450787647;0.999390919158;0.0170542635659;0.999379844961;0.0341085271318;0.0;0.0;0
0.983331578631;22.64;0.991692821039;0.0304970563782;0.991881133429;0.229457364341;0.991627906977;0.427286821705;6,94E-07;0.838139534884;0
0.828760290848;246.627.596.899;0.911047911673;0.249359740874;0.912850952248;247.720.930.233;0.91007751938;462.759.689.922;-0.00186046511628;916.930.232.558;0
0.670724788174;40.608.744.186;0.841525197092;0.460608427176;0.845235670881;577.302.325.581;0.817674418605;773.209.302.326;0.0527131782946;10.307.751.938;0
0.530673012439;495.176.124.031;0.772284916468;0.632247854861;0.779544117469;934.341.085.271;0.72496124031;971.565.891.473;-0.0401550387597;233.022.015.504;0
0.847080151433;826.744.186.047;0.940417872541;0.273861637475;0.944076798122;355.302.325.581;0.920310077519;16.703.875.969;0.06;153.812.713.178;0
0.793412222823;74.063.255.814;0.94208852316;0.334221172937;0.944774174823;509.147.286.822;0.890542635659;150.511.627.907;-0.00403100775194;234.119.069.767;0
0.892151865873;586.248.062.016;0.960679227792;0.189149134564;0.963019277798;241.906.976.744;0.944496124031;117.426.356.589;-0.0643410852713;101.339.534.884;0
0.828662219819;114.413.953.488;0.937856363927;0.267346742495;0.940173722462;35.607.751.938;0.91007751938;227.317.829.457;-0.0398449612403;128.631.937.984;0
0.993809218196;422.573.643.411;0.997184346695;0.0120370362169;0.997388543969;0.128682170543;0.996899224806;0.0849612403101;-0.0077519379845;504.930.232.558;0
0.96375640887;195.342.635.659;0.987824125093;0.0679978460698;0.9884060085;0.800310077519;0.981705426357;0.386356589147;0.046511627907;338.834.108.527;0
0.490488504297;374.776.434.109;0.805668769433;0.733893774;0.811343361613;12.199.379.845;0.697054263566;739.286.821.705;0.0551937984496;454.510.697.674;0
0.81474786371;213.44;0.911069014964;0.252688868012;0.913248129946;293.581.395.349;0.902015503876;418.046.511.628;-0.0474418604651;437.302.325.581;0
0.626302265489;113.765.271.318;0.873058288989;0.593109107994;0.881664738925;998.682.170.543;0.790697674419;246.480.620.155;-0.36015503876;473.537.674.419;0
0.16459347395;62.468.372.093;0.568546416899;134.421.581.379;0.593446739119;257.458.914.729;0.393488372093;12.632.248.062;0.100310077519;104.375.782.946;0
0.85555906496;12.071.627.907;0.942592068119;0.203924888185;0.944169648926;2.64;0.924651162791;24.080.620.155;0.0480620155039;742.973.643.411;0
0.852529631633;110.746.046.512;0.945163430849;0.218709280088;0.946881272042;285.550.387.597;0.923100775194;218.790.697.674;0.0316279069767;908.334.883.721;0
0.949205552551;192.694.573.643;0.980130739069;0.0955629659704;0.981878591758;126.108.527.132;0.974263565891;0.40496124031;-0.146356589147;612.831.007.752;0
0.107227498347;97.892.744.186;0.409969738036;169.927.746.783;0.447326286819;287.440.310.078;0.317829457364;190.508.527.132;0.0395348837209;110.808.899.225;0
0.317578703203;230.408.682.171;0.817379009982;0.903143732325;0.825493225038;227.879.069.767;0.544496124031;480.930.232.558;0.41023255814;11.620.896.124;0
0.915769677303;869.051.162.791;0.961846776123;0.136242348768;0.963155923289;141.565.891.473;0.956899224806;167.968.992.248;-0.0237209302326;305.575.193.798;0
0.765249107626;19.191.255.814;0.90161735431;0.362674415478;0.905598258088;47.119.379.845;0.874418604651;375.813.953.488;-0.0241860465116;150.210.232.558;0
0.960745435971;180.589.147.287;0.989181112734;0.063282691435;0.98944135042;0.827596899225;0.98015503876;0.366511627907;0.0396899224806;330.542.635.659;0
0.90523319512;130.870.697.674;0.951800740068;0.1393797689;0.952689530942;128.403.100.775;0.951317829457;250.542.635.659;-0.0077519379845;159.720.930.233;0
0.91639887026;117.881.550.388;0.957379799702;0.127432595746;0.95815873569;113.302.325.581;0.957209302326;223.503.875.969;0.00744186046512;0.790697674419;0
0.956477807824;202.641.860.465;0.984784647203;0.0785498947237;0.98587646521;106.697.674.419;0.977984496124;0.417364341085;0.0170542635659;519.035.658.915;0
0.147248362478;83.499.875.969;0.463597905194;15.800.965.481;0.498993567889;262.013.953.488;0.376124031008;165.888.372.093;-0.179069767442;101.847.255.814;0
0.857485487651;912.089.922.481;0.948503031364;0.229151099393;0.950775027481;303.178.294.574;0.925891472868;177.581.395.349;0.0643410852713;114.320.310.078;0
0.916479634637;100.545.736.434;0.958854688896;0.121265724608;0.959844277306;12.080.620.155;0.957209302326;197.271.317.829;0.0474418604651;117.187.596.899;0
0.57812304549;412.721.860.465;0.805787921246;0.559942808826;0.811449430192;838.790.697.674;0.757209302326;816.620.155.039;-0.026976744186;223.812.713.178;0
0.916479634637;100.545.736.434;0.958854688896;0.121265724608;0.959844277306;12.080.620.155;0.957209302326;197.271.317.829;0.0474418604651;117.187.596.899;0
0.720145856619;792.446.511.628;0.93225705297;0.417253462003;0.934370567899;728.899.224.806;0.848062015504;160.930.232.558;-0.0666666666667;347.687.751.938;0
0.993812102638;697.674.418.605;0.997210418158;0.0103933059857;0.997264021888;0.0852713178295;0.996899224806;0.139534883721;0.0077519379845;0.77519379845;0
0.993812102638;697.674.418.605;0.997210418158;0.0103933059857;0.997264021888;0.0852713178295;0.996899224806;0.139534883721;0.0077519379845;0.77519379845;0
0.558562297939;412.315.348.837;0.796310621367;0.607236720549;0.803689764807;910.930.232.558;0.744496124031;816.527.131.783;0.133798449612;263.399.069.767;0
0.885153632594;563.913.178.295;0.960440678111;0.19917141719;0.962761617406;261.457.364.341;0.940775193798;113.736.434.109;0.0899224806202;112.368.992.248;0
0.679758283757;286.659.224.806;0.85663214711;0.467921159861;0.862479719677;638.263.565.891;0.823565891473;564.527.131.783;-0.163410852713;187.306.976.744;0
0.838115113274;862.133.333.333;0.936420165937;0.267866714449;0.9404998663;36.176.744.186;0.915348837209;178.356.589.147;0.0986046511628;149.114.418.605;0
0.838115113274;862.133.333.333;0.936420165937;0.267866714449;0.9404998663;36.176.744.186;0.915348837209;178.356.589.147;0.0986046511628;149.114.418.605;0
0.748766828917;137.148.527.132;0.91765783955;0.377527371814;0.920867910478;567.813.953.488;0.86480620155;27.423.255.814;0.00434108527132;22.692.372.093;0
0.960744282195;465.271.317.829;0.981751149089;0.0657934368919;0.982149278383;0.586976744186;0.98015503876;0.893023255814;0.024496124031;727.441.860.465;0
0.737474815215;256.386.976.744;0.882841125238;0.341924112947;0.886093704873;472.496.124.031;0.857364341085;509.271.317.829;0.167131782946;112.373.023.256;0
0.874749642449;72.823.875.969;0.954263326533;0.208612250997;0.956466871826;268.046.511.628;0.93519379845;145.891.472.868;0.0165891472868;104.302.325.581;0
0.622641908539;226.927.131.783;0.86461119929;0.613839976077;0.871067171365;941.457.364.341;0.788527131783;429.643.410.853;-0.215813953488;398.526.821.705;0
0.81474786371;213.44;0.911069014964;0.252688868012;0.913248129946;293.581.395.349;0.902015503876;418.046.511.628;-0.0474418604651;437.302.325.581;0
0.783288792741;11.904.496.124;0.929231430309;0.332118117895;0.932362482618;483.689.922.481;0.884651162791;238.387.596.899;0.0390697674419;192.899.224.806;0
0.807196971336;129.734.573.643;0.931672073463;0.270660419292;0.933844776792;391.658.914.729;0.897984496124;26.015.503.876;0.0716279069767;135.110.387.597;0
0.958955543537;398.942.635.659;0.982839687985;0.062916876519;0.983220272697;0.661550387597;0.979224806202;0.790387596899;0.00046511627907;137.051.162.791;0
0.818299188751;903.534.883.721;0.947269895678;0.251353929379;0.948446837157;398.604.651.163;0.904186046512;183.007.751.938;0.0722480620155;158.653.333.333;0
0.815099381047;117.650.852.713;0.941400736364;0.251381994228;0.942665595346;379.379.844.961;0.902325581395;235.782.945.736;0.0396899224806;134.264.496.124;0
0.931868902109;81.367.751.938;0.966828936723;0.104790681875;0.967694584677;0.998294573643;0.965271317829;158.728.682.171;-0.0875968992248;107.854.263.566;0
0.853560146626;757.996.899.225;0.952191866848;0.227140814626;0.954235884562;319.472.868.217;0.923720930233;152.248.062.016;0.0883720930233;127.278.139.535;0
0.992574869299;623.689.922.481;0.996993235101;0.0134773887615;0.997128626048;0.125581395349;0.996279069767;0.125891472868;0.015503875969;32.415.503.876;0
0.854963139234;151.041.860.465;0.937473450392;0.215141195271;0.939048878646;250.697.674.419;0.924341085271;292.589.147.287;-0.00434108527132;572.815.503.876;0
1.0;0.0;1.0;-0.0;1.0;0.0;1.0;0.0;0.0;0.0;0
0.715032894658;140.047.131.783;0.918979046877;0.426633944563;0.921812553115;680.093.023.256;0.84496124031;275.100.775.194;-0.0409302325581;288.255.193.798;0
0.942622102037;64.479.379.845;0.974956189686;0.0942478803784;0.975438743785;0.922480620155;0.970852713178;122.046.511.628;-2,60E-06;160.973.643.411;0
0.910991887507;861.643.410.853;0.963093292183;0.15252310128;0.964318211039;165.519.379.845;0.954418604651;161.736.434.109;0.0151937984496;465.528.682.171;0
0.896352959558;112.653.333.333;0.952446820343;0.163461181066;0.953710751353;170.093.023.256;0.946666666667;217.023.255.814;0.0875968992248;322.917.829.457;0
0.863526086173;111.769.922.481;0.946685861192;0.199378642536;0.948226179013;256.589.147.287;0.928992248062;219.410.852.713;0.109457364341;76.383.875.969;0
0.37490660417;307.824.806.202;0.814176871326;0.885755001884;0.81999581403;18.036.124.031;0.60496124031;612.186.046.512;0.0231007751938;81.647.379.845;0
0.867754293612;906.551.937.984;0.948505381944;0.22824963905;0.951290954791;280.759.689.922;0.931472868217;176.031.007.752;0.0537984496124;105.064.806.202;0
0.879353404243;113.188.527.132;0.949383302051;0.203533040793;0.951214081088;229.503.875.969;0.937674418605;213.426.356.589;0.0165891472868;669.913.178.295;0
0.493355639685;159.272.868.217;0.862173255994;0.825250797932;0.869106234492;150.218.604.651;0.701085271318;320.713.178.295;0.0506976744186;757.410.542.636;0
0.764811057028;170.125.581.395;0.912685638649;0.367191078301;0.91643160627;534.775.193.798;0.874108527132;329.457.364.341;-0.0153488372093;216.584.496.124;0
0.866006898624;971.658.914.729;0.945522797337;0.239065833834;0.948838449802;296.992.248.062;0.930542635659;186.170.542.636;-0.0440310077519;118.145.116.279;0
0.769435971396;236.818.604.651;0.893000518342;0.333578235424;0.896816740005;407.751.937.984;0.876589147287;465.054.263.566;-0.0151937984496;92.959.379.845;0
0.624778703203;165.731.782.946;0.876501172791;0.609705967211;0.882605790427;980.480.620.155;0.78976744186;332.620.155.039;-0.0243410852713;451.921.550.388;0
0.897527504357;695.984.496.124;0.960436260955;0.164551198717;0.962027699651;204.852.713.178;0.947286821705;139.441.860.465;0.0187596899225;719.420.155.039;0
0.972908551169;282.958.139.535;0.988561446523;0.0503679259085;0.988856968697;0.482790697674;0.986356589147;0.524651162791;0.062015503876;122.893.023.256;0
0.954657148008;224.604.651.163;0.982653054267;0.0828586587824;0.983978565284;113.720.930.233;0.977054263566;0.457364341085;-0.0382945736434;56.383.875.969;0
0.968023075536;367.565.891.473;0.98523398662;0.0590487453299;0.985688571643;0.544186046512;0.983875968992;0.688372093023;0.0176744186047;116.703.875.969;0
0.955866883;453.705.426.357;0.979818485495;0.080044398913;0.98077798451;0.852403100775;0.977674418605;0.841550387597;-0.00899224806202;259.584.496.124;0
0.670167513972;135.330.232.558;0.891464192024;0.508531649634;0.897255973004;822.635.658.915;0.817984496124;279.937.984.496;0.00992248062016;367.615.813.953;0
0.978452833363;234.474.418.605;0.990701366594;0.0317204906178;0.990879397409;0.311007751938;0.989147286822;0.466976744186;0.015503875969;387.596.899.225;0
0.969245309777;185.848.062.016;0.988597363639;0.0560044727329;0.989124286398;0.639379844961;0.984496124031;0.37519379845;0.0589147286822;251.621.705.426;0
0.998760266811;15.503.875.969;0.999380092924;0.0024450787647;0.999392004864;0.015503875969;0.999379844961;0.031007751938;0.0;0.0;0
0.902881605673;722.756.589.147;0.965362388747;0.144747708625;0.96631126218;18.311.627.907;0.95007751938;143.472.868.217;0.0634108527132;571.382.945.736;0
